MISSION,TRANCHE,INTDES,OBJECT_NAME,OBJECT_ID,NORAD_CAT_ID,EPOCH,SEMIMAJOR_AXIS,ECCENTRICITY,INCLINATION,RA_OF_ASC_NODE,ARG_OF_PERICENTER,MEAN_ANOMALY,MEAN_MOTION,APOAPSIS,PERIAPSIS
T0_USSF124,T0,2024-028,RAPTOR1,2024-028C,58957,2026-08-30T20:40:20.132832,7362.499980779119,0.00122396,39.9907,59.2601,321.7337,38.2542,13.74247014,993.374386255593,975.351575302645
T0_USSF124,T0,2024-028,RAPTOR2,2024-028E,58959,2026-08-30T18:22:07.298400,7375.693696512224,0.00117281,39.991,60.2608,324.0584,35.9373,13.70561263,1006.2069838364305,988.9064091880173
T0_USSF124,T0,2024-028,RAPTOR3,2024-028D,58958,2026-08-30T12:20:48.682176,7375.954137375252,0.00116011,39.9914,61.8688,320.2772,39.7125,13.70488673,1006.3740555295626,989.2602192209415
T0_USSF124,T0,2024-028,RAPTOR4,2024-028B,58956,2026-08-30T12:27:15.848352,7363.492760430759,0.00152813,39.9914,61.8704,308.5828,51.3551,13.739691,996.6081346227566,974.1033862387621
T0_launch_1,T0,2023-050,CHECKMATE 2,2023-050F,56167,2026-08-30T19:42:58.984128,7323.7376598808605,0.00079498,81.008,0.1063,113.1985,247.0009,13.85171646,951.4228848457133,939.7784349160083
T0_launch_1,T0,2023-050,CHECKMATE 6,2023-050D,56165,2026-08-30T17:05:55.633344,7313.962620917518,0.00165824,81.0077,0.1307,102.8684,257.4328,13.87949476,947.953926294028,923.6973155410078
T0_launch_1,T0,2023-050,CHECKMATE 8,2023-050A,56162,2026-08-30T20:32:16.540800,7324.453858520295,0.00074565,81.0053,0.1481,118.8615,241.329,13.84968484,951.7783375399013,940.8553795006901
T0_launch_1,T0,2023-050,CHECKMATE 4,2023-050C,56164,2026-08-30T20:33:45.233856,7324.976980081343,0.00065614,81.0047,0.228,130.2135,229.9597,13.84820123,951.646190477054,942.0337696856323
T0_launch_1,T0,2023-050,CHECKMATE 7,2023-050E,56166,2026-08-29T13:33:25.778016,7309.84776384523,0.0020966,81.0038,0.3943,107.5767,252.7684,13.89121597,947.0365906669076,916.3849370235521
T0_launch_1,T0,2023-050,CHECKMATE 1,2023-050G,56168,2026-08-30T19:34:35.763744,7324.490772724914,0.00120311,81.0075,0.3984,143.3474,216.8507,13.84958014,955.1659408184878,937.5416046313412
T0_launch_1,T0,2023-050,BB 2,2023-050J,56170,2026-08-30T21:23:02.726592,7149.4448311604065,0.00092794,81.0051,1.2289,79.2188,281.004,14.36131748,777.9420869970336,764.6735753237799
T0_launch_1,T0,2023-050,BB 1,2023-050K,56171,2026-08-25T08:01:05.640384,7208.618797298064,0.00156269,81.0043,12.4786,112.4387,247.8445,14.18484753,841.746633806415,819.2169607897149
T0_launch_1,T0,2023-050,CHECKMATE 3,2023-050H,56169,2026-08-30T20:30:33.645312,7323.800554061626,0.00079302,81.0061,359.7728,112.7563,247.4432,13.85153803,951.4714743770073,939.8556337462442
T0_launch_1,T0,2023-050,CHECKMATE 5,2023-050B,56163,2026-08-30T19:42:12.289248,7324.363126298594,0.00074368,81.0044,359.9607,116.7701,243.4216,13.84994219,951.6731086683594,940.7791439288285
T0_launch_2,T0,2023-133,BB3,2023-133D,57760,2026-08-30T18:30:51.480288,6986.9570542584215,0.00094507,80.9939,267.1633,90.3952,269.8343,14.86519639,615.4232177616896,602.216890755154
T0_launch_2,T0,2023-133,BB4,2023-133B,57757,2026-08-30T10:44:50.520480,7016.633111755372,0.00105383,80.9977,279.409,109.1167,251.1182,14.77099017,645.8904502275336,631.1017732832106
T0_launch_2,T0,2023-133,WILDFIRE 3,2023-133C,57758,2026-08-30T15:41:05.481888,7319.80153618686,0.00093108,80.9959,294.3604,147.9084,212.2641,13.86289082,948.4798570011735,934.8492153725474
T0_launch_2,T0,2023-133,WILDFIRE 4,2023-133A,57756,2026-08-30T14:53:16.436832,7319.513772094999,0.00106422,81.0013,294.6166,149.2716,210.9066,13.86370835,949.1663450415381,933.5871991484601
T0_launch_2,T0,2023-133,WILDFIRE 6,2023-133G,57763,2026-08-30T22:09:07.168896,7322.198063678753,0.00065082,80.9944,295.3459,168.9966,191.1334,13.85608547,948.8264966225561,939.2956307349496
T0_launch_2,T0,2023-133,WILDFIRE 8,2023-133M,57768,2026-08-30T15:15:28.591776,7322.753083593403,0.00064978,80.9945,295.446,162.4821,197.6561,13.85451019,949.3742620920611,939.8579050947455
T0_launch_2,T0,2023-133,WILDFIRE 1,2023-133H,57764,2026-08-30T14:51:49.966848,7321.727150134406,0.00070888,80.9992,295.4835,152.5615,207.5917,13.85742227,948.7803760765928,938.3999241922184
T0_launch_2,T0,2023-133,WILDFIRE 10,2023-133K,57766,2026-08-30T20:31:09.687936,7322.147660897712,0.00071722,81.002,295.8,155.4315,204.7185,13.85622854,949.262251643062,938.7590701523632
T0_launch_2,T0,2023-133,WILDFIRE 2,2023-133L,57767,2026-08-30T15:37:16.546944,7322.575021684763,0.00056429,80.9955,295.9106,166.7914,193.3391,13.85501554,948.5700775437499,940.3059658257762
T0_launch_2,T0,2023-133,CHECKMATE 10,2023-133F,57762,2026-08-30T15:36:50.820480,7322.6701346778,0.00069514,80.9992,295.9188,159.9797,200.1633,13.8547456,949.6234155952197,939.4428537603799
T0_launch_2,T0,2023-133,WILDFIRE 5,2023-133N,57769,2026-08-30T21:15:05.361408,7321.978143125517,0.00069282,81.0025,296.1129,157.7379,202.408,13.85670974,948.9139560226376,938.7683302283967
T0_launch_2,T0,2023-133,WILDFIRE 7,2023-133E,57761,2026-08-30T21:42:27.672480,7323.949893936269,0.00054594,80.9985,296.248,181.1059,179.0086,13.85111437,949.8113311413654,941.8144567311747
T0_launch_2,T0,2023-133,WILDFIRE 9,2023-133J,57765,2026-08-30T21:08:07.213920,7322.851627463365,0.00065053,81.0032,296.2884,163.2667,196.8706,13.85423053,949.4783621325787,939.9508927941515
T1TL_B,T1,2025-203,PRAETORIAN SDA_615,2025-203P,65578,2026-08-30T21:14:08.661408,7326.31425743193,0.00087551,81.3024,301.3547,356.0972,4.0115,13.84440982,954.5915188274539,941.7629960364065
T1TL_B,T1,2025-203,PRAETORIAN SDA_612,2025-203L,65575,2026-08-30T16:04:08.194656,7324.20575213301,0.00089558,81.3026,301.4471,357.1038,3.0066,13.85038858,952.6281643205048,939.5093399455145
T1TL_B,T1,2025-203,PRAETORIAN SDA_618,2025-203S,65581,2026-08-30T15:25:09.882336,7327.004362786376,0.00102029,81.3039,301.5273,356.3858,3.7223,13.84245393,956.3430320676844,941.3916935050684
T1TL_B,T1,2025-203,PRAETORIAN SDA_614,2025-203N,65577,2026-08-30T16:08:48.596352,7325.105598349683,0.0006877,81.3014,301.5404,358.3957,1.7176,13.8478365,952.0060734696681,941.9311232296977
T1TL_B,T1,2025-203,PRAETORIAN SDA_608,2025-203G,65571,2026-08-30T21:49:58.110240,7328.49355658249,0.0005947,81.3008,301.6391,8.5308,351.5949,13.83823484,954.714811700589,945.9983014643913
T1TL_B,T1,2025-203,PRAETORIAN SDA_607,2025-203F,65570,2026-08-30T15:21:36.378432,7328.703561406411,0.00086994,81.3035,301.7448,357.3791,2.7319,13.83764004,956.9420937826217,944.1910290302012
T1TL_B,T1,2025-203,PRAETORIAN SDA_603,2025-203B,65566,2026-08-30T15:50:59.527680,7327.994541248812,0.00094084,81.3039,301.7554,357.4674,2.6433,13.83964838,956.7520116330006,942.9630708646237
T1TL_B,T1,2025-203,PRAETORIAN SDA_611,2025-203K,65574,2026-08-30T22:01:29.571168,7330.291039035924,0.0005628,81.3004,301.8148,13.5635,346.5672,13.83314518,956.2795268326936,948.0285512391547
T1TL_B,T1,2025-203,PRAETORIAN SDA_621,2025-203V,65584,2026-08-30T15:12:18.332928,7328.548559586151,0.00070134,81.3023,301.8249,353.204,6.902,13.83807905,955.5513638329312,945.2717553393713
T1TL_B,T1,2025-203,PRAETORIAN SDA_609,2025-203H,65572,2026-08-30T16:14:19.673376,7327.108565388593,0.00066312,81.3048,301.8251,0.747,359.3696,13.84215864,953.8303176204736,944.112813156713
T1TL_B,T1,2025-203,PRAETORIAN SDA_610,2025-203J,65573,2026-08-30T16:25:36.624288,7329.520117532086,0.00066394,81.3011,301.8329,6.9851,353.1397,13.8353277,956.2494791189201,946.516755945252
T1TL_B,T1,2025-203,PRAETORIAN SDA_602,2025-203A,65565,2026-08-30T15:13:48.265824,7328.253118120662,0.00058824,81.3032,301.8606,6.2107,353.9121,13.83891589,954.4268897348647,945.8053465064595
T1TL_B,T1,2025-203,PRAETORIAN SDA_605,2025-203D,65568,2026-08-30T16:23:48.551712,7330.680391652516,0.00079535,81.3019,301.8773,357.1828,2.9282,13.83204312,958.373848302017,946.7129350030154
T1TL_B,T1,2025-203,PRAETORIAN SDA_619,2025-203T,65582,2026-08-30T15:11:29.344992,7328.820885378945,0.00078959,81.3042,301.908,357.1899,2.9212,13.83730776,956.470649061831,944.897121696059
T1TL_B,T1,2025-203,PRAETORIAN SDA_620,2025-203U,65583,2026-08-30T16:29:02.634720,7330.656913715204,0.00072001,81.3031,301.9238,356.0764,4.0335,13.83210957,957.7980599996481,947.2417674307599
T1TL_B,T1,2025-203,PRAETORIAN SDA_601,2025-203W,65585,2026-08-30T22:15:47.568096,7330.785693131937,0.00056,81.3035,301.9356,15.2707,344.8617,13.83174509,956.7539331200896,948.5434531437832
T1TL_B,T1,2025-203,PRAETORIAN SDA_617,2025-203R,65580,2026-08-30T15:47:06.971712,7330.852275665114,0.00071544,81.3039,302.0739,358.5992,1.5143,13.83155665,957.9600606172162,947.4704907130117
T1TL_B,T1,2025-203,PRAETORIAN SDA_613,2025-203M,65576,2026-08-30T15:56:37.859712,7332.210940336137,0.00055207,81.3001,302.1034,3.957,356.1628,13.82771233,958.1218340299683,950.026046642306
T1TL_B,T1,2025-203,PRAETORIAN SDA_606,2025-203E,65569,2026-08-30T16:02:26.899296,7330.659966366398,0.00059206,81.3057,302.147,3.9668,356.1534,13.83210093,956.8631569060854,948.1827758267118
T1TL_B,T1,2025-203,PRAETORIAN SDA_616,2025-203Q,65579,2026-08-30T16:51:02.570976,7330.43420594545,0.00054943,81.3064,302.2084,12.7126,347.4167,13.83273993,956.3247664112232,948.2696454796778
T1TL_B,T1,2025-203,PRAETORIAN SDA_604,2025-203C,65567,2026-08-30T15:44:56.044608,7331.206650628084,0.00055216,81.3055,302.2897,11.6822,348.4461,13.83055378,957.1176496922953,949.021651563874
T1TL_C,T1,2025-230,SDA_1681,2025-230T,65991,2026-08-30T22:59:20.917536,7323.244221999078,0.00047329,81.302,142.1745,12.6776,347.4499,13.85311647,948.5732402569083,941.6412037412483
T1TL_C,T1,2025-230,SDA_1668,2025-230E,65978,2026-08-30T20:14:33.603072,7327.0131988143785,0.00036153,81.3013,142.3286,30.3676,329.769,13.84242889,951.5251338961461,946.2272637326114
T1TL_C,T1,2025-230,SDA_1680,2025-230S,65990,2026-08-30T19:56:08.818368,7323.49568690902,0.00043947,81.3025,142.3374,10.0895,350.035,13.85240297,948.5771435585475,942.1402302594943
T1TL_C,T1,2025-230,SDA_1678,2025-230Q,65988,2026-08-30T19:36:24.727104,7324.376749173707,0.00022715,81.3025,142.3386,35.2766,324.8541,13.84990355,947.9034813522821,944.5760169951327
T1TL_C,T1,2025-230,SDA_1679,2025-230R,65989,2026-08-30T18:44:53.847456,7324.838772780685,0.00038473,81.3044,142.4844,19.5398,340.5906,13.84859317,949.5198580017368,943.8836875596326
T1TL_C,T1,2025-230,SDA_1675,2025-230M,65985,2026-08-30T19:02:51.075744,7325.1591695080815,0.00027295,81.2994,142.5148,342.9274,17.179,13.84768459,949.0215717033998,945.0227673127638
T1TL_C,T1,2025-230,SDA_1669,2025-230F,65979,2026-08-30T19:33:08.306208,7335.97514114693,0.00040887,81.3022,142.6222,20.6031,339.5288,13.81707088,960.837601302891,954.8386809909689
T1TL_C,T1,2025-230,SDA_1673,2025-230K,65983,2026-08-30T19:16:30.972864,7333.99327930856,0.00017109,81.3029,142.7996,64.6271,295.5062,13.82267193,957.1110522187173,954.6015063984032
T1TL_C,T1,2025-230,SDA_1674,2025-230L,65984,2026-08-30T20:29:27.134592,7334.740009514089,0.00021166,81.3016,142.8213,50.5837,309.5506,13.82056111,958.1554805845026,955.0505384436765
T1TL_C,T1,2025-230,SDA_1666,2025-230C,65976,2026-08-30T23:21:31.829184,7335.220516741242,0.00016014,81.3015,142.9354,62.394,297.7378,13.81920312,958.258178954793,955.9088545276918
T1TL_C,T1,2025-230,SDA_1672,2025-230J,65982,2026-08-30T23:21:16.873344,7334.010208304291,0.00010808,81.3033,143.0123,65.6375,294.4894,13.82262407,956.6658681276049,955.080548480978
T1TL_C,T1,2025-230,SDA_1665,2025-230B,65975,2026-08-30T19:03:18.500832,7334.7573390867365,0.00012647,81.3028,143.0975,65.1048,295.0239,13.82051213,957.5479658474114,955.692712326063
T1TL_C,T1,2025-230,SDA_1667,2025-230D,65977,2026-08-30T20:19:10.966944,7336.89933056131,0.0001452,81.301,143.235,75.8879,284.2437,13.81446027,959.8276483441077,957.6970127785135
T1TL_C,T1,2025-230,SDA_1671,2025-230H,65981,2026-08-30T19:51:06.205824,7348.817569039367,0.00029239,81.3014,143.2553,21.4294,338.6981,13.78086767,972.8292898083791,968.531848270356
T1TL_C,T1,2025-230,SDA_1670,2025-230G,65980,2026-08-30T19:36:47.938464,7348.7946175183915,0.00011155,81.301,143.6538,52.6109,307.5146,13.78093223,971.4773755579754,969.8378594788082
T1TL_C,T1,2025-230,SDA_1664,2025-230A,65974,2026-08-30T19:32:03.935616,7348.787429207133,0.00018515,81.301,143.8145,77.9523,282.1838,13.78095245,972.0110571996511,969.2898012146161
T1TL_C,T1,2025-230,SDA_1677,2025-230P,65987,2026-08-30T23:27:38.484000,7348.8116569436415,0.00012462,81.3015,143.8678,29.5312,330.5912,13.7808843,971.5904658523305,969.7588480349532
T1TL_C,T1,2025-230,SDA_1684,2025-230W,65994,2026-08-30T20:03:11.742912,7348.777119592588,0.00014268,81.3026,143.9029,45.2245,314.9024,13.78098145,971.688643112011,969.5915960731654
T1TL_C,T1,2025-230,SDA_1683,2025-230V,65993,2026-08-30T20:12:37.662912,7348.794877037377,0.00015209,81.3028,143.936,69.0619,291.0697,13.7809315,971.7755552502258,969.5401988245285
T1TL_C,T1,2025-230,SDA_1676,2025-230N,65986,2026-08-30T19:42:58.079520,7348.805680868585,0.00013279,81.3033,144.0623,47.8676,312.259,13.78090111,971.6445287749484,969.6928329622233
T1TL_C,T1,2025-230,SDA_1682,2025-230U,65992,2026-08-30T20:08:34.575648,7348.774837262118,0.00014619,81.3042,144.1346,70.5245,289.6067,13.78098787,971.7121546555773,969.5635198686587
T1TL_E,T1,2026-163,PRAETORIAN SDA_518,2026-163T,100076,2026-08-30T22:33:13.809024,7320.149380842905,0.00179931,81.4779,268.6338,94.5189,265.8025,13.86190271,955.1835988253497,928.8411628604608
T1TL_E,T1,2026-163,PRAETORIAN SDA_517,2026-163S,100075,2026-08-30T22:35:16.077120,7320.301981415209,0.00177738,81.4779,268.6349,94.4365,265.8824,13.86146926,955.1759397509377,929.1540230794817
T1TL_E,T1,2026-163,PRAETORIAN SDA_506,2026-163F,100064,2026-08-30T22:39:30.461184,7320.620442124386,0.00174079,81.478,268.6387,93.7036,266.6113,13.86056477,955.2271049838309,929.7397792649399
T1TL_E,T1,2026-163,PRAETORIAN SDA_516,2026-163R,100074,2026-08-30T22:31:28.547040,7320.016329632536,0.00181759,81.4792,268.6406,94.5334,265.7901,13.86228065,955.1841181131131,928.5745411519592
T1TL_E,T1,2026-163,PRAETORIAN SDA_521,2026-163W,100079,2026-08-30T22:43:25.664448,7320.916713612452,0.00171135,81.4779,268.6418,92.8279,267.4838,13.85972339,955.3083644302924,930.2510627946122
T1TL_E,T1,2026-163,PRAETORIAN SDA_520,2026-163V,100078,2026-08-30T22:37:32.668608,7320.473553456761,0.00175696,81.4795,268.6495,94.0631,266.2536,13.86098195,955.1983326712425,929.4747742422796
T1TL_E,T1,2026-163,PRAETORIAN SDA_515,2026-163Q,100073,2026-08-30T22:41:19.587840,7320.756344822873,0.00172541,81.4796,268.6526,93.3477,266.9656,13.86017881,955.2506510277935,929.988038617952
T1TL_E,T1,2026-163,PRAETORIAN SDA_503,2026-163C,100061,2026-08-30T22:45:15.993792,7321.053619631038,0.00169189,81.4797,268.6561,92.6189,267.6906,13.85933462,955.3030370395554,930.5302022225205
T1TL_E,T1,2026-163,PRAETORIAN SDA_512,2026-163M,100070,2026-08-30T22:47:23.518464,7321.216801006048,0.00166772,81.4796,268.6571,92.4031,267.9037,13.85887126,955.2895406894213,930.8700613226738
T1TL_E,T1,2026-163,PRAETORIAN SDA_510,2026-163K,100068,2026-08-30T19:41:40.274592,7322.893419578625,0.00143102,81.4762,268.7892,94.0483,266.2311,13.85411193,955.2356265199114,934.2772126373402
T1TL_E,T1,2026-163,PRAETORIAN SDA_501,2026-163A,100059,2026-08-30T19:37:55.992288,7322.6096571989265,0.00143852,81.4789,268.7989,91.9752,268.3054,13.85491724,955.0063776430006,933.9389367548529
T1TL_E,T1,2026-163,PRAETORIAN SDA_519,2026-163U,100077,2026-08-30T19:34:18.939072,7322.337671967897,0.00150419,81.4814,268.8083,92.7617,267.5262,13.8556892,955.2148590706938,933.1864848651003
T1TL_E,T1,2026-163,PRAETORIAN SDA_505,2026-163E,100063,2026-08-30T14:09:46.633248,7321.3833373685575,0.00164807,81.4784,268.979,93.0223,267.2822,13.8583984,955.3124896053741,931.1801851317405
T1TL_E,T1,2026-163,PRAETORIAN SDA_509,2026-163J,100067,2026-08-30T14:20:40.674336,7322.209309039087,0.00151705,81.4765,268.9798,92.9048,267.3846,13.85605355,955.1804666713642,932.9641514068098
T1TL_E,T1,2026-163,PRAETORIAN SDA_508,2026-163H,100066,2026-08-30T14:24:16.767648,7322.483674682835,0.00148326,81.4761,268.9809,93.5907,266.6947,13.8552748,955.2078218181459,933.4855275475256
T1TL_E,T1,2026-163,PRAETORIAN SDA_511,2026-163L,100069,2026-08-30T14:17:21.159456,7321.95858157514,0.00154187,81.478,268.9841,91.8616,268.4308,13.85676527,955.1110898533134,932.5320732969676
T1TL_E,T1,2026-163,PRAETORIAN SDA_504,2026-163D,100062,2026-08-30T14:32:59.247456,7323.1421302348845,0.00140598,81.4771,268.9933,95.5352,264.7409,13.85340616,955.3013216071522,934.7089388626173
T1TL_E,T1,2026-163,PRAETORIAN SDA_502,2026-163B,100060,2026-08-30T14:18:46.519200,7322.066293256268,0.00153001,81.4806,268.9982,92.3058,267.9852,13.85645951,955.1321279056128,932.7264586069241
T1TL_E,T1,2026-163,PRAETORIAN SDA_514,2026-163P,100072,2026-08-30T14:35:09.055680,7323.307803400004,0.00139238,81.4796,269.0076,96.3186,263.9558,13.85293606,955.3676307193018,934.973976080706
T1TL_E,T1,2026-163,PRAETORIAN SDA_513,2026-163N,100071,2026-08-30T14:27:42.975072,7322.742653627401,0.00144921,81.4815,269.0107,94.0876,266.1939,13.85453979,955.217845508465,933.9934617463377
T1TL_E,T1,2026-163,PRAETORIAN SDA_507,2026-163G,100065,2026-08-30T14:31:25.250304,7323.022978925364,0.0014178,81.481,269.0116,94.9343,265.3434,13.85374427,955.2685609048849,934.5033969458445
