name,object_name,object_id,group,shell,plane,sat_type,valued,value_usd,age_years,a_km,ecc,incl_deg,raan_deg,argp_deg,mean_anom_deg
sat_1,SIM-SL-P00-00,,starlink,0,0,v1,1,732699.04,1.5,6917.486924732,0.0,53.161509091,217.875136735,0.0,0.0
sat_2,SIM-SL-P00-01,,starlink,0,0,v1,1,732699.04,1.5,6915.676980777,0.000537356492,53.155886262,217.873246759,129.665453169,253.029682539
sat_3,SIM-SL-P00-02,,starlink,0,0,v1,1,732699.04,1.5,6911.386036345,0.000991600804,53.142545191,217.861619487,165.561490367,239.503831239
sat_4,SIM-SL-P00-03,,starlink,0,0,v1,1,732699.04,1.5,6907.041483845,0.001214437717,53.129026957,217.835798118,197.006593623,230.730015561
sat_5,SIM-SL-P00-04,,starlink,0,0,v1,1,732699.04,1.5,6905.268517428,0.001045388597,53.123518477,217.800516127,220.810507988,229.272750777
sat_6,SIM-SL-P00-05,,starlink,0,0,v1,1,732699.04,1.5,6907.081487902,0.000544243081,53.129176729,217.764754238,219.66408888,253.08059155
sat_7,SIM-SL-P00-06,,starlink,0,0,v1,1,732699.04,1.5,6911.395105278,0.000670996889,53.142584819,217.739323914,158.302731042,336.798444118
sat_8,SIM-SL-P00-07,,starlink,0,0,v1,1,732699.04,1.5,6915.759291608,0.001318237312,53.156110643,217.727614081,161.85894131,355.927689285
sat_9,SIM-SL-P00-08,,starlink,0,0,v1,1,732699.04,1.5,6917.516351913,0.001585594164,53.161546432,217.72582074,180.470645898,0.011381029
sat_10,SIM-SL-P00-09,,starlink,0,0,v1,1,732699.04,1.5,6915.660798264,0.001304109586,53.155805724,217.723869225,198.700663696,4.16136209
sat_11,SIM-SL-P00-10,,starlink,0,0,v1,1,732699.04,1.5,6911.256357041,0.000653442474,53.142154171,217.711774595,201.257980715,24.289115341
sat_12,SIM-SL-P00-11,,starlink,0,0,v1,1,732699.04,1.5,6906.984139127,0.000556340475,53.128873605,217.685966257,139.475011275,108.428202202
sat_13,SIM-SL-P00-12,,starlink,0,0,v1,1,732699.04,1.5,6905.270226446,0.00105433943,53.123523392,217.650048837,139.826669687,130.737810484
sat_14,SIM-SL-P00-13,,starlink,0,0,v1,1,732699.04,1.5,6907.139853861,0.001212330735,53.129333077,217.614927969,163.935098704,128.976191171
sat_15,SIM-SL-P00-14,,starlink,0,0,v1,1,732699.04,1.5,6911.524097183,0.000981521955,53.142974616,217.589491604,195.571261333,120.011699348
sat_16,SIM-SL-P00-15,,starlink,0,0,v1,1,732699.04,1.5,6915.82026334,0.000517436708,53.156331444,217.578167861,232.158371766,106.110313898
sat_17,SIM-SL-P01-00,,starlink,0,1,v1,1,732699.04,1.5,6917.836215414,0.0,53.16053,187.998860034,0.0,0.0
sat_18,SIM-SL-P01-01,,starlink,0,1,v1,1,732699.04,1.5,6916.026668754,0.000537261424,53.15490849,187.996970627,129.661839932,253.031571223
sat_19,SIM-SL-P01-02,,starlink,0,1,v1,1,732699.04,1.5,6911.73651697,0.000991435166,53.141570087,187.985346666,165.555105113,239.506794964
sat_20,SIM-SL-P01-03,,starlink,0,1,v1,1,732699.04,1.5,6907.392338126,0.001214286061,53.128053222,187.959531777,196.998369093,230.733102057
sat_21,SIM-SL-P01-04,,starlink,0,1,v1,1,732699.04,1.5,6905.618738973,0.001045374507,53.12254285,187.924256616,220.802332206,229.274097179
sat_22,SIM-SL-P01-05,,starlink,0,1,v1,1,732699.04,1.5,6907.43027203,0.000544371338,53.128196541,187.888498291,219.673044094,253.063088437
sat_23,SIM-SL-P01-06,,starlink,0,1,v1,1,732699.04,1.5,6911.742665229,0.000670681715,53.141600641,187.863066363,158.312533348,336.77839326
sat_24,SIM-SL-P01-07,,starlink,0,1,v1,1,732699.04,1.5,6916.106913171,0.001317865105,53.155126471,187.851351802,161.851013181,355.923639858
sat_25,SIM-SL-P01-08,,starlink,0,1,v1,1,732699.04,1.5,6917.865687432,0.001585471126,53.160567485,187.849555759,180.458664934,0.009656552
sat_26,SIM-SL-P01-09,,starlink,0,1,v1,1,732699.04,1.5,6916.012592416,0.001304373072,53.154834472,187.847608253,198.689783381,4.156839791
sat_27,SIM-SL-P01-10,,starlink,0,1,v1,1,732699.04,1.5,6911.609785385,0.000653911377,53.141188212,187.83552521,201.276549234,24.253431578
sat_28,SIM-SL-P01-11,,starlink,0,1,v1,1,732699.04,1.5,6907.337021809,0.00055587767,53.127906186,187.809731253,139.510767759,108.373645817
sat_29,SIM-SL-P01-12,,starlink,0,1,v1,1,732699.04,1.5,6905.62034201,0.0010538744,53.122547455,187.773823895,139.812576619,130.731391629
sat_30,SIM-SL-P01-13,,starlink,0,1,v1,1,732699.04,1.5,6907.535062764,0.001211489625,53.128497347,187.738261444,164.30784042,128.896011976
sat_31,SIM-SL-P01-14,,starlink,0,1,v1,1,732699.04,1.5,6911.868743072,0.000981815025,53.141981356,187.713256684,195.536267371,120.022750338
sat_32,SIM-SL-P01-15,,starlink,0,1,v1,1,732699.04,1.5,6916.16592833,0.000517971696,53.155341165,187.70192026,232.115354996,106.12765079
sat_33,SIM-SL-P02-00,,starlink,0,2,v1,1,732699.04,1.5,6915.59862794,0.0,53.159735,197.876534852,0.0,0.0
sat_34,SIM-SL-P02-01,,starlink,0,2,v1,1,732699.04,1.5,6913.786869544,0.00053785962,53.154104629,197.874641489,129.679923079,253.024540441
sat_35,SIM-SL-P02-02,,starlink,0,2,v1,1,732699.04,1.5,6909.492431296,0.000992430729,53.140748164,197.862994384,165.587006842,239.496826033
sat_36,SIM-SL-P02-03,,starlink,0,2,v1,1,732699.04,1.5,6905.146663619,0.001215115232,53.127221561,197.837133696,197.038241889,230.726174634
sat_37,SIM-SL-P02-04,,starlink,0,2,v1,1,732699.04,1.5,6903.377454236,0.001045296715,53.12172294,197.801808945,220.834956302,229.285274489
sat_38,SIM-SL-P02-05,,starlink,0,2,v1,1,732699.04,1.5,6905.197872714,0.000543571759,53.127406296,197.766021929,219.572337203,253.218627188
sat_39,SIM-SL-P02-06,,starlink,0,2,v1,1,732699.04,1.5,6909.517315263,0.000673053942,53.140836938,197.740596148,158.249568818,336.907100545
sat_40,SIM-SL-P02-07,,starlink,0,2,v1,1,732699.04,1.5,6913.880348917,0.001320505469,53.154363655,197.728910004,161.904639639,355.946841945
sat_41,SIM-SL-P02-08,,starlink,0,2,v1,1,732699.04,1.5,6915.628733966,0.001586611178,53.159774406,197.727130984,180.25997942,359.980875865
sat_42,SIM-SL-P02-09,,starlink,0,2,v1,1,732699.04,1.5,6913.75926964,0.001302935599,53.153988698,197.725157314,198.756754492,4.188647729
sat_43,SIM-SL-P02-10,,starlink,0,2,v1,1,732699.04,1.5,6909.414285385,0.000660231378,53.140517043,197.713264416,201.493103577,23.831535748
sat_44,SIM-SL-P02-11,,starlink,0,2,v1,1,732699.04,1.5,6905.078373413,0.000558862241,53.127034062,197.687107419,139.325309195,108.679672725
sat_45,SIM-SL-P02-12,,starlink,0,2,v1,1,732699.04,1.5,6903.379785388,0.001056683574,53.121729684,197.651129744,139.922822476,130.752703054
sat_46,SIM-SL-P02-13,,starlink,0,2,v1,1,732699.04,1.5,6905.267733438,0.001212677676,53.12759844,197.616003864,164.090806279,128.940731072
sat_47,SIM-SL-P02-14,,starlink,0,2,v1,1,732699.04,1.5,6909.66206156,0.000979865842,53.141275967,197.590616967,195.769886723,119.94270575
sat_48,SIM-SL-P02-15,,starlink,0,2,v1,1,732699.04,1.5,6913.905765419,0.00052175752,53.154474159,197.579431219,231.860036583,106.232385262
sat_49,SIM-SL-P03-00,,starlink,0,3,v1,1,606374.88,2.5,6912.98322127,0.0,53.163657895,47.949399355,0.0,0.0
sat_50,SIM-SL-P03-01,,starlink,0,3,v1,1,606374.88,2.5,6911.168643023,0.000538567597,53.158017425,47.94750157,129.704560606,253.012832229
sat_51,SIM-SL-P03-02,,starlink,0,3,v1,1,732699.04,1.5,6906.868643222,0.000993641315,53.144640478,47.935828668,165.630514124,239.4789729
sat_52,SIM-SL-P03-03,,starlink,0,3,v1,1,606374.88,2.5,6902.520472385,0.001216182363,53.131103168,47.909917266,197.093681952,230.709263305
sat_53,SIM-SL-P03-04,,starlink,0,3,v1,1,732699.04,1.5,6900.756187779,0.001045317572,53.12561862,47.874538478,220.886610271,229.284837538
sat_54,SIM-SL-P03-05,,starlink,0,3,v1,1,606374.88,2.5,6902.587237246,0.000542622914,53.131336434,47.838722003,219.483080359,253.371993311
sat_55,SIM-SL-P03-06,,starlink,0,3,v1,1,732699.04,1.5,6906.915455016,0.000675595826,53.144797423,47.813306388,158.177207589,337.056326994
sat_56,SIM-SL-P03-07,,starlink,0,3,v1,1,732699.04,1.5,6911.277578378,0.001323415559,53.158324376,47.801654837,161.965634795,355.975677144
sat_57,SIM-SL-P03-08,,starlink,0,3,v1,1,732699.04,1.5,6913.013134669,0.001587661118,53.163696661,47.799895776,180.349656949,359.993803186
sat_58,SIM-SL-P03-09,,starlink,0,3,v1,1,606374.88,2.5,6911.125145926,0.001301064552,53.157852227,47.797891461,198.836677313,4.224233045
sat_59,SIM-SL-P03-10,,starlink,0,3,v1,1,606374.88,2.5,6906.768445412,0.000656874513,53.144340879,47.785911806,201.358552097,24.094259225
sat_60,SIM-SL-P03-11,,starlink,0,3,v1,1,606374.88,2.5,6902.437085512,0.000562370609,53.130868595,47.759643337,139.084334776,109.061632959
sat_61,SIM-SL-P03-12,,starlink,0,3,v1,1,606374.88,2.5,6900.757648054,0.001054943613,53.125622733,47.72411187,139.779899287,130.734432168
sat_62,SIM-SL-P03-13,,starlink,0,3,v1,1,732699.04,1.5,6902.673146386,0.001213266047,53.131578532,47.688460669,164.295235396,128.902872409
sat_63,SIM-SL-P03-14,,starlink,0,3,v1,1,606374.88,2.5,6907.014913579,0.000982921257,53.145095702,47.663400148,195.559677216,120.017190635
sat_64,SIM-SL-P03-15,,starlink,0,3,v1,1,732699.04,1.5,6911.317752742,0.000517744052,53.158480981,47.652053715,232.184687806,106.100145491
sat_65,SIM-SL-P04-00,,starlink,0,4,v1,1,606374.88,2.5,6917.899157567,0.0,53.161,128.564816809,0.0,0.0
sat_66,SIM-SL-P04-01,,starlink,0,4,v1,1,606374.88,2.5,6916.089651874,0.000537245317,53.155378765,128.562927533,129.661652535,253.031447793
sat_67,SIM-SL-P04-02,,starlink,0,4,v1,1,606374.88,2.5,6911.79957037,0.000991411357,53.14204093,128.551304342,165.554778813,239.506504142
sat_68,SIM-SL-P04-03,,starlink,0,4,v1,1,732699.04,1.5,6907.455385427,0.00121427175,53.128524401,128.52549101,196.998059821,230.732483751
sat_69,SIM-SL-P04-04,,starlink,0,4,v1,1,732699.04,1.5,6905.6816421,0.001045387242,53.123013724,128.490217611,220.802663467,229.27253199
sat_70,SIM-SL-P04-05,,starlink,0,4,v1,1,606374.88,2.5,6907.492946207,0.00054439251,53.128666555,128.454460466,219.678584014,253.056003321
sat_71,SIM-SL-P04-06,,starlink,0,4,v1,1,606374.88,2.5,6911.805191037,0.000670592921,53.142069846,128.42902863,158.314348262,336.774725565
sat_72,SIM-SL-P04-07,,starlink,0,4,v1,1,606374.88,2.5,6916.169523642,0.001317774607,53.155595588,128.417313391,161.849331462,355.92315672
sat_73,SIM-SL-P04-08,,starlink,0,4,v1,1,606374.88,2.5,6917.928637139,0.001585428896,53.16103751,128.415516886,180.456502032,0.009343172
sat_74,SIM-SL-P04-09,,starlink,0,4,v1,1,606374.88,2.5,6916.07595509,0.001304397168,53.155305925,128.413570134,198.688065808,4.155775186
sat_75,SIM-SL-P04-10,,starlink,0,4,v1,1,606374.88,2.5,6911.673369177,0.000653963976,53.141660711,128.401489365,201.279785344,24.247104153
sat_76,SIM-SL-P04-11,,starlink,0,4,v1,1,732699.04,1.5,6907.400435045,0.00055579324,53.128378509,128.375698394,139.513366727,108.367650824
sat_77,SIM-SL-P04-12,,starlink,0,4,v1,1,732699.04,1.5,6905.683226312,0.001053805797,53.123018274,128.339793391,139.8082373,130.732024821
sat_78,SIM-SL-P04-13,,starlink,0,4,v1,1,606374.88,2.5,6907.597348389,0.001211486957,53.128966144,128.304231441,164.30188244,128.897951898
sat_79,SIM-SL-P04-14,,starlink,0,4,v1,1,606374.88,2.5,6911.930744557,0.000981873774,53.142448916,128.279225285,195.529114176,120.025576435
sat_80,SIM-SL-P04-15,,starlink,0,4,v1,1,606374.88,2.5,6916.228186616,0.000518069102,53.155809176,128.267886739,232.107121615,106.131243589
sat_81,SIM-SL-P05-00,,starlink,0,5,v1,1,732699.04,1.5,6917.461468308,0.0,53.159894737,158.378262924,0.0,0.0
sat_82,SIM-SL-P05-01,,starlink,0,5,v1,1,732699.04,1.5,6915.65157525,0.000537360756,53.154271715,158.376372833,129.664507322,253.030754304
sat_83,SIM-SL-P05-02,,starlink,0,5,v1,1,606374.88,2.5,6911.360762241,0.000991597132,53.14093022,158.364744862,165.559806178,239.505766398
sat_84,SIM-SL-P05-03,,starlink,0,5,v1,1,606374.88,2.5,6907.016374042,0.001214414818,53.127411655,158.338922007,197.004134652,230.732853648
sat_85,SIM-SL-P05-04,,starlink,0,5,v1,1,732699.04,1.5,6905.243532469,0.001045349773,53.12190322,158.303638133,220.806397075,229.27736823
sat_86,SIM-SL-P05-05,,starlink,0,5,v1,1,606374.88,2.5,6907.056529334,0.000544238841,53.127561905,158.267874583,219.653188471,253.092127965
sat_87,SIM-SL-P05-06,,starlink,0,5,v1,1,606374.88,2.5,6911.370047486,0.000671103362,53.14097052,158.242443382,158.301898278,336.800039842
sat_88,SIM-SL-P05-07,,starlink,0,5,v1,1,732699.04,1.5,6915.734037243,0.001318325524,53.154496575,158.230733441,161.860180021,355.927340941
sat_89,SIM-SL-P05-08,,starlink,0,5,v1,1,606374.88,2.5,6917.490893142,0.001585655385,53.159932069,158.22894023,180.471529456,0.011513996
sat_90,SIM-SL-P05-09,,starlink,0,5,v1,1,732699.04,1.5,6915.63523872,0.001304151289,53.154190692,158.226988341,198.700821283,4.162344956
sat_91,SIM-SL-P05-10,,starlink,0,5,v1,1,606374.88,2.5,6911.230870077,0.000653491526,53.140538512,158.214892377,201.256898961,24.291463787
sat_92,SIM-SL-P05-11,,starlink,0,5,v1,1,606374.88,2.5,6906.9588809,0.000556376976,53.127257829,158.189081962,139.482452215,108.422153766
sat_93,SIM-SL-P05-12,,starlink,0,5,v1,1,732699.04,1.5,6905.245249388,0.001054333626,53.121908158,158.153162393,139.832393184,130.733608493
sat_94,SIM-SL-P05-13,,starlink,0,5,v1,1,732699.04,1.5,6907.115050422,0.001212303782,53.127718747,158.118040163,163.940124335,128.972814965
sat_95,SIM-SL-P05-14,,starlink,0,5,v1,1,732699.04,1.5,6911.49924977,0.00098148501,53.141360999,158.092603541,195.576023611,120.008715805
sat_96,SIM-SL-P05-15,,starlink,0,5,v1,1,732699.04,1.5,6915.795149732,0.000517395029,53.154717832,158.081280298,232.162765173,106.107827174
sat_97,SIM-SL-P06-00,,starlink,0,6,v1,1,732699.04,1.5,6916.054743288,0.0,53.159052632,227.808847311,0.0,0.0
sat_98,SIM-SL-P06-01,,starlink,0,6,v1,1,732699.04,1.5,6914.243476043,0.000537736277,53.15342402,227.806954718,129.675629945,253.026580016
sat_99,SIM-SL-P06-02,,starlink,0,6,v1,1,732699.04,1.5,6909.950006755,0.000992219803,53.140071123,227.795312105,165.579425105,239.499936288
sat_100,SIM-SL-P06-03,,starlink,0,6,v1,1,732699.04,1.5,6905.604658555,0.001214929194,53.126546389,227.769460252,197.02858005,230.729120961
sat_101,SIM-SL-P06-04,,starlink,0,6,v1,1,732699.04,1.5,6903.83459249,0.0010452928,53.121045322,227.73414492,220.825950155,229.285353569
sat_102,SIM-SL-P06-05,,starlink,0,6,v1,1,732699.04,1.5,6905.65315924,0.000543737272,53.126722676,227.698363047,219.587799909,253.19199032
sat_103,SIM-SL-P06-06,,starlink,0,6,v1,1,732699.04,1.5,6909.971070886,0.000672611603,53.140148025,227.672935508,158.262285963,336.880985909
sat_104,SIM-SL-P06-07,,starlink,0,6,v1,1,732699.04,1.5,6914.334258653,0.001319997868,53.153674686,227.66124334,161.89402554,355.941798758
sat_105,SIM-SL-P06-08,,starlink,0,6,v1,1,732699.04,1.5,6916.084874791,0.001586426908,53.159092124,227.659460826,180.244350032,359.978621383
sat_106,SIM-SL-P06-09,,starlink,0,6,v1,1,732699.04,1.5,6914.218638413,0.001303260119,53.153316647,227.657492466,198.74279664,4.182472655
sat_107,SIM-SL-P06-10,,starlink,0,6,v1,1,732699.04,1.5,6909.875702499,0.000660817066,53.139851928,227.645614659,201.516206907,23.786092165
sat_108,SIM-SL-P06-11,,starlink,0,6,v1,1,732699.04,1.5,6905.539008419,0.000558253483,53.12636712,227.619477087,139.367844499,108.612563726
sat_109,SIM-SL-P06-12,,starlink,0,6,v1,1,732699.04,1.5,6903.836765841,0.001056091711,53.121051601,227.583513021,139.902643927,130.746069267
sat_110,SIM-SL-P06-13,,starlink,0,6,v1,1,732699.04,1.5,6905.72023667,0.0012125728,53.126906159,227.548387421,164.055212498,128.947291882
sat_111,SIM-SL-P06-14,,starlink,0,6,v1,1,732699.04,1.5,6910.112008735,0.000980256646,53.140575169,227.522987904,195.723337868,119.957956238
sat_112,SIM-SL-P06-15,,starlink,0,6,v1,1,732699.04,1.5,6914.35708839,0.000522455887,53.153777112,227.511785937,231.803478513,106.25540637
sat_113,SIM-SL-P07-00,,starlink,0,7,v1,1,732699.04,1.5,6917.905884029,0.0,53.15895,202.888861402,0.0,0.0
sat_114,SIM-SL-P07-01,,starlink,0,7,v1,1,732699.04,1.5,6916.096482182,0.000537240277,53.153328674,202.886972047,129.660126079,253.032941309
sat_115,SIM-SL-P07-02,,starlink,0,7,v1,1,732699.04,1.5,6911.806643864,0.000991389203,53.139990614,202.875348371,165.552065932,239.509153053
sat_116,SIM-SL-P07-03,,starlink,0,7,v1,1,732699.04,1.5,6907.46269688,0.001214227933,53.126473832,202.849533941,196.994216565,230.736233644
sat_117,SIM-SL-P07-04,,starlink,0,7,v1,1,732699.04,1.5,6905.689036262,0.001045338961,53.120963007,202.814259006,220.796835752,229.278238776
sat_118,SIM-SL-P07-05,,starlink,0,7,v1,1,732699.04,1.5,6907.50021834,0.000544401079,53.126615872,202.77850024,219.666413792,253.068024594
sat_119,SIM-SL-P07-06,,starlink,0,7,v1,1,732699.04,1.5,6911.812212614,0.000670687461,53.140019367,202.753067177,158.31438994,336.774505806
sat_120,SIM-SL-P07-07,,starlink,0,7,v1,1,732699.04,1.5,6916.176314978,0.001317841046,53.153545388,202.741351301,161.849975444,355.922303039
sat_121,SIM-SL-P07-08,,starlink,0,7,v1,1,732699.04,1.5,6917.935365622,0.001585489486,53.158987515,202.739554663,180.456284347,0.009318151
sat_122,SIM-SL-P07-09,,starlink,0,7,v1,1,732699.04,1.5,6916.082825257,0.001304475613,53.153255948,202.73760789,198.687091481,4.156474403
sat_123,SIM-SL-P07-10,,starlink,0,7,v1,1,732699.04,1.5,6911.680501642,0.000654073253,53.139610546,202.725526756,201.280465041,24.24611807
sat_124,SIM-SL-P07-11,,starlink,0,7,v1,1,732699.04,1.5,6907.407784666,0.00055578779,53.126328046,202.699734823,139.526167724,108.354514642
sat_125,SIM-SL-P07-12,,starlink,0,7,v1,1,732699.04,1.5,6905.690618553,0.001053749038,53.120967552,202.663828308,139.813627824,130.726271231
sat_126,SIM-SL-P07-13,,starlink,0,7,v1,1,732699.04,1.5,6907.604577436,0.001211445054,53.126915352,202.628264684,164.305096403,128.894346759
sat_127,SIM-SL-P07-14,,starlink,0,7,v1,1,732699.04,1.5,6911.93770778,0.000981860625,53.140398287,202.603257181,195.531106483,120.023163617
sat_128,SIM-SL-P07-15,,starlink,0,7,v1,1,732699.04,1.5,6916.234938272,0.000518076162,53.153758872,202.591917879,232.107810917,106.130101961
sat_129,SIM-SL-P08-00,,starlink,0,8,v1,1,732699.04,1.5,6917.873610411,0.0,53.159127778,232.642494586,0.0,0.0
sat_130,SIM-SL-P08-01,,starlink,0,8,v1,1,732699.04,1.5,6916.064167727,0.000537249197,53.153506335,232.640605182,129.660522531,253.032704178
sat_131,SIM-SL-P08-02,,starlink,0,8,v1,1,732699.04,1.5,6911.774246384,0.000991405321,53.14016804,232.628981224,165.552767206,239.508767812
sat_132,SIM-SL-P08-03,,starlink,0,8,v1,1,732699.04,1.5,6907.43025495,0.001214243702,53.126651144,232.603166248,196.99513485,230.735789822
sat_133,SIM-SL-P08-04,,starlink,0,8,v1,1,732699.04,1.5,6905.65664869,0.001045342329,53.121140498,232.567890753,220.797834903,229.277870136
sat_134,SIM-SL-P08-05,,starlink,0,8,v1,1,732699.04,1.5,6907.467967608,0.000544388969,53.126793779,232.532131731,219.666117799,253.069109655
sat_135,SIM-SL-P08-06,,starlink,0,8,v1,1,732699.04,1.5,6911.780084753,0.000670712246,53.140197631,232.506698867,158.313489799,336.776351982
sat_136,SIM-SL-P08-07,,starlink,0,8,v1,1,732699.04,1.5,6916.144191423,0.001317872273,53.15372364,232.494983451,161.85067346,355.922710729
sat_137,SIM-SL-P08-08,,starlink,0,8,v1,1,732699.04,1.5,6917.903087897,0.00158549816,53.159165279,232.493187067,180.457390656,0.009477176
sat_138,SIM-SL-P08-09,,starlink,0,8,v1,1,732699.04,1.5,6916.050316342,0.001304448133,53.153433007,232.491239928,198.688129832,4.156858176
sat_139,SIM-SL-P08-10,,starlink,0,8,v1,1,732699.04,1.5,6911.64783176,0.000654025616,53.139787129,232.479157749,201.278739847,24.249423545
sat_140,SIM-SL-P08-11,,starlink,0,8,v1,1,732699.04,1.5,6907.37515529,0.00055583036,53.126504774,232.45336454,139.52233709,108.360081046
sat_141,SIM-SL-P08-12,,starlink,0,8,v1,1,732699.04,1.5,6905.658240599,0.00105379407,53.121145072,232.417457169,139.814685252,130.727107528
sat_142,SIM-SL-P08-13,,starlink,0,8,v1,1,732699.04,1.5,6907.572526225,0.001211454723,53.127093878,232.381893632,164.307383433,128.894112353
sat_143,SIM-SL-P08-14,,starlink,0,8,v1,1,732699.04,1.5,6911.905849216,0.000981834379,53.140577389,232.356887084,195.534224489,120.022255958
sat_144,SIM-SL-P08-15,,starlink,0,8,v1,1,732699.04,1.5,6916.202995714,0.000518026887,53.153937688,232.345548976,232.111719558,106.12856407
sat_145,SIM-SL-P09-00,,starlink,2,9,v2,1,2280000.0,0.0,6950.598522177,0.0,70.001325714,16.222714233,0.0,0.0
sat_146,SIM-SL-P09-01,,starlink,2,9,v1,1,606374.88,2.5,6948.148153871,0.000558971849,69.997645772,16.221668658,139.196602899,243.334153366
sat_147,SIM-SL-P09-02,,starlink,2,9,v1,1,606374.88,2.5,6942.230093196,0.001159961164,69.988746786,16.215081245,181.375539526,223.666464131
sat_148,SIM-SL-P09-03,,starlink,2,9,v2,1,2280000.0,0.0,6936.302868312,0.001588894065,69.979820599,16.200624672,217.035356043,210.490215399
sat_149,SIM-SL-P09-04,,starlink,2,9,v2,1,2280000.0,0.0,6933.829888725,0.001557576832,69.976099014,16.18056766,248.758178664,201.231276051
sat_150,SIM-SL-P09-05,,starlink,2,9,v1,1,863550.0,0.0,6936.263554458,0.000973021397,69.979777906,16.160477828,278.475879717,193.977347083
sat_151,SIM-SL-P09-06,,starlink,2,9,v1,1,606374.88,2.5,6942.283944244,3.7286397e-05,69.988841741,16.145806605,327.797757752,167.451287604
sat_152,SIM-SL-P09-07,,starlink,2,9,v2,1,1600989.78,2.5,6948.210290131,0.000798441367,69.99773564,16.139273863,152.711178406,5.049380211
sat_153,SIM-SL-P09-08,,starlink,2,9,v2,1,2280000.0,0.0,6950.619471215,0.001125553942,70.00134393,16.138259974,180.329280805,359.962258772
sat_154,SIM-SL-P09-09,,starlink,2,9,v2,1,2280000.0,0.0,6948.089152128,0.000781380649,69.997554108,16.137165975,207.952202002,354.870035783
sat_155,SIM-SL-P09-10,,starlink,2,9,v1,1,863550.0,0.0,6942.113139479,6.1743112e-05,69.988585015,16.130439724,42.228851724,183.104216989
sat_156,SIM-SL-P09-11,,starlink,2,9,v2,1,2280000.0,0.0,6936.208198379,0.000983747539,69.97969438,16.115825259,81.884000098,165.93210781
sat_157,SIM-SL-P09-12,,starlink,2,9,v2,1,1600989.78,2.5,6933.830580434,0.001562273374,69.976099903,16.095699073,111.593334385,158.686417673
sat_158,SIM-SL-P09-13,,starlink,2,9,v2,1,2280000.0,0.0,6936.359046904,0.00158660832,69.979905217,16.075680089,143.33501945,149.408749425
sat_159,SIM-SL-P09-14,,starlink,2,9,v2,1,2280000.0,0.0,6942.308895524,0.001153167082,69.98886538,16.061313377,179.036098967,136.19155356
sat_160,SIM-SL-P09-15,,starlink,2,9,v1,1,863550.0,0.0,6948.203557954,0.000551190734,69.997729016,16.054814964,221.278331557,116.460881488
sat_161,SIM-SL-P10-00,,starlink,2,10,v2,1,2209028.15,0.5,6950.262164835,0.0,70.000009091,265.446972717,0.0,0.0
sat_162,SIM-SL-P10-01,,starlink,2,10,v2,1,2209028.15,0.5,6947.811381822,0.000559066789,69.996328084,265.445926751,139.199389734,243.3330073
sat_163,SIM-SL-P10-02,,starlink,2,10,v1,1,863550.0,0.0,6941.892516754,0.001160142709,69.987426818,265.43933698,181.380322211,223.664957892
sat_164,SIM-SL-P10-03,,starlink,2,10,v2,1,2209028.15,0.5,6935.965043729,0.001589071603,69.978499182,265.424875696,217.04170194,210.488775966
sat_165,SIM-SL-P10-04,,starlink,2,10,v1,1,863550.0,0.0,6933.492995186,0.001557596188,69.974778556,265.404813251,248.765941651,201.23004886
sat_166,SIM-SL-P10-05,,starlink,2,10,v2,1,2209028.15,0.5,6935.928431126,0.000972777837,69.978460559,265.384719779,278.4848857,193.976512546
sat_167,SIM-SL-P10-06,,starlink,2,10,v2,1,2280000.0,0.0,6941.858526143,4.9478947e-05,69.987389746,265.370194338,321.905646119,173.040751454
sat_168,SIM-SL-P10-07,,starlink,2,10,v1,1,863550.0,0.0,6947.876222303,0.000798872122,69.996422016,265.36351744,152.726417832,5.04563143
sat_169,SIM-SL-P10-08,,starlink,2,10,v2,1,2280000.0,0.0,6950.283077332,0.001125684541,70.000027252,265.362504928,180.345260915,359.959416335
sat_170,SIM-SL-P10-09,,starlink,2,10,v1,1,863550.0,0.0,6947.749615568,0.00078106112,69.996232266,265.361408672,207.969721942,354.867287747
sat_171,SIM-SL-P10-10,,starlink,2,10,v2,1,2209028.15,0.5,6941.771704503,6.2393124e-05,69.98725923,265.354675639,42.398682779,182.950777983
sat_172,SIM-SL-P10-11,,starlink,2,10,v2,1,2280000.0,0.0,6935.867702155,0.000984450069,69.978368918,265.340052086,81.909115365,165.924999251
sat_173,SIM-SL-P10-12,,starlink,2,10,v1,1,836669.41,0.5,6933.493770934,0.001562656921,69.97477956,265.319918732,111.621042511,158.678339509
sat_174,SIM-SL-P10-13,,starlink,2,10,v1,1,836669.41,0.5,6936.026700642,0.001586502836,69.978592065,265.29989804,143.367505511,149.397535735
sat_175,SIM-SL-P10-14,,starlink,2,10,v2,1,2280000.0,0.0,6941.978982692,0.001152684467,69.98755696,265.285535385,179.076197056,136.174388653
sat_176,SIM-SL-P10-15,,starlink,2,10,v1,1,836669.41,0.5,6947.872150781,0.00055059273,69.996419399,265.279043273,221.329355904,116.434456441
sat_177,SIM-SL-P11-00,,starlink,2,11,v2,1,2280000.0,0.0,6950.166920484,0.0,70.000507407,195.481303805,0.0,0.0
sat_178,SIM-SL-P11-01,,starlink,2,11,v2,1,2280000.0,0.0,6947.715992886,0.000559095213,69.996826232,195.480257773,139.200550793,243.33231081
sat_179,SIM-SL-P11-02,,starlink,2,11,v2,1,2280000.0,0.0,6941.796834547,0.001160202797,69.987924643,195.473667609,181.3822097,223.663997703
sat_180,SIM-SL-P11-03,,starlink,2,11,v2,1,2280000.0,0.0,6935.869225759,0.001589140454,69.978996921,195.459205595,217.044103436,210.487762334
sat_181,SIM-SL-P11-04,,starlink,2,11,v2,1,2280000.0,0.0,6933.397413413,0.001557627594,69.975276701,195.43914245,248.768859283,201.228979064
sat_182,SIM-SL-P11-05,,starlink,2,11,v2,1,2280000.0,0.0,6935.833377024,0.000972736687,69.978959451,195.419048785,278.488532926,193.975174912
sat_183,SIM-SL-P11-06,,starlink,2,11,v2,1,2280000.0,0.0,6941.763927719,4.93823e-05,69.987889202,195.404523843,321.952199813,172.996972234
sat_184,SIM-SL-P11-07,,starlink,2,11,v2,1,2280000.0,0.0,6947.781598253,0.000798974157,69.99692131,195.39784779,152.730128335,5.045168948
sat_185,SIM-SL-P11-08,,starlink,2,11,v2,1,2280000.0,0.0,6950.187821983,0.001125703534,70.000525551,195.39683571,180.349781713,359.958609898
sat_186,SIM-SL-P11-09,,starlink,2,11,v2,1,2280000.0,0.0,6947.653443784,0.000780950837,69.996729242,195.395738861,207.97529445,354.865892312
sat_187,SIM-SL-P11-10,,starlink,2,11,v2,1,2280000.0,0.0,6941.674930343,6.2604089e-05,69.987755417,195.389004191,42.437498428,182.916597735
sat_188,SIM-SL-P11-11,,starlink,2,11,v2,1,2280000.0,0.0,6935.771128596,0.000984676511,69.978865518,195.374378678,81.915126313,165.924079919
sat_189,SIM-SL-P11-12,,starlink,2,11,v2,1,2280000.0,0.0,6933.398213568,0.001562791272,69.975277737,195.354244136,111.6281553,158.676776587
sat_190,SIM-SL-P11-13,,starlink,2,11,v2,1,2280000.0,0.0,6935.932432845,0.001586491535,69.979092138,195.334223796,143.37608192,149.394972867
sat_191,SIM-SL-P11-14,,starlink,2,11,v2,1,2280000.0,0.0,6941.885468238,0.001152556617,69.988058046,195.319862887,179.086996152,136.17007238
sat_192,SIM-SL-P11-15,,starlink,2,11,v2,1,2280000.0,0.0,6947.778278588,0.000550425116,69.996919825,195.313372826,221.343405449,116.427361063
sat_193,SIM-SL-P12-00,,starlink,3,12,v2,1,2280000.0,0.0,6927.774443026,0.0,97.348216667,24.970874019,0.0,0.0
sat_194,SIM-SL-P12-01,,starlink,3,12,v2,1,2280000.0,0.0,6925.010074944,0.000582987851,97.349692526,24.97127337,143.154037906,239.487716693
sat_195,SIM-SL-P12-02,,starlink,3,12,v2,1,2280000.0,0.0,6918.452188309,0.00125972286,97.353198878,24.973731382,186.298548281,218.647005119
sat_196,SIM-SL-P12-03,,starlink,3,12,v2,1,2280000.0,0.0,6911.79451622,0.001800583101,97.356765154,24.979195735,222.600645028,204.929052947
sat_197,SIM-SL-P12-04,,starlink,3,12,v2,1,2280000.0,0.0,6909.033465663,0.001846282586,97.358243745,24.98678731,255.2350876,194.854578974
sat_198,SIM-SL-P12-05,,starlink,3,12,v2,1,2280000.0,0.0,6911.802458053,0.001273859044,97.356754914,24.994379027,287.485061168,185.164574109
sat_199,SIM-SL-P12-06,,starlink,3,12,v2,1,2280000.0,0.0,6918.37710624,0.00034508533,97.353233573,24.99978502,334.998639904,159.921290985
sat_200,SIM-SL-P12-07,,starlink,3,12,v2,1,2280000.0,0.0,6925.051513184,0.00059850118,97.349670482,25.002289243,144.061755302,13.476040007
sat_201,SIM-SL-P12-08,,starlink,3,12,v2,1,2280000.0,0.0,6927.792301638,0.000946957146,97.348210456,25.002681818,180.204646823,359.975075801
sat_202,SIM-SL-P12-09,,starlink,3,12,v2,1,2280000.0,0.0,6924.967798704,0.000586790625,97.3497151,25.003093143,216.523684897,346.297751235
sat_203,SIM-SL-P12-10,,starlink,3,12,v2,1,2280000.0,0.0,6918.362378917,0.000347714375,97.353241449,25.005586583,25.483613405,199.641276604
sat_204,SIM-SL-P12-11,,starlink,3,12,v2,1,2280000.0,0.0,6911.719704721,0.00128880319,97.35679934,25.011092995,73.07548022,174.633095191
sat_205,SIM-SL-P12-12,,starlink,3,12,v2,1,2280000.0,0.0,6909.034233583,0.001852331617,97.358243417,25.018703193,105.254679055,165.013654832
sat_206,SIM-SL-P12-13,,starlink,3,12,v2,1,2280000.0,0.0,6911.878144384,0.001796363407,97.356720346,25.026275651,137.893616669,154.934902921
sat_207,SIM-SL-P12-14,,starlink,3,12,v2,1,2280000.0,0.0,6918.466795441,0.001258585426,97.353191062,25.031640035,173.694005792,141.405263197
sat_208,SIM-SL-P12-15,,starlink,3,12,v2,1,2280000.0,0.0,6925.092654451,0.000571563763,97.349648413,25.034108551,217.47137873,120.246101286
sat_209,SIM-SL-P13-00,,starlink,3,13,v2,1,2280000.0,0.0,6927.670463934,0.0,97.33984375,33.571382825,0.0,0.0
sat_210,SIM-SL-P13-01,,starlink,3,13,v2,1,2280000.0,0.0,6924.905832303,0.000583026795,97.341318071,33.571781762,143.156467383,239.485798214
sat_211,SIM-SL-P13-02,,starlink,3,13,v2,1,2280000.0,0.0,6918.347388336,0.001259827407,97.344820736,33.574237213,186.302035869,218.64452881
sat_212,SIM-SL-P13-03,,starlink,3,13,v2,1,2280000.0,0.0,6911.689344477,0.001800736903,97.348383156,33.579695819,222.604735503,204.926476461
sat_213,SIM-SL-P13-04,,starlink,3,13,v2,1,2280000.0,0.0,6908.928500011,0.0018464204,97.349859957,33.587279279,255.239908243,194.851772996
sat_214,SIM-SL-P13-05,,starlink,3,13,v2,1,2280000.0,0.0,6911.698224647,0.00127391988,97.348372425,33.594862669,287.491289922,185.160863105
sat_215,SIM-SL-P13-06,,starlink,3,13,v2,1,2280000.0,0.0,6918.27362317,0.000345082183,97.344854687,33.600262475,335.012958369,159.909991682
sat_216,SIM-SL-P13-07,,starlink,3,13,v2,1,2280000.0,0.0,6924.948207878,0.000598552444,97.341295554,33.602763582,144.064801552,13.476526006
sat_217,SIM-SL-P13-08,,starlink,3,13,v2,1,2280000.0,0.0,6927.688313622,0.000946915826,97.339837551,33.603155542,180.210538942,359.973229311
sat_218,SIM-SL-P13-09,,starlink,3,13,v2,1,2280000.0,0.0,6924.862604205,0.000586602696,97.341341127,33.603566654,216.537261697,346.288728602
sat_219,SIM-SL-P13-10,,starlink,3,13,v2,1,2280000.0,0.0,6918.256250782,0.000348039578,97.344863967,33.606057996,25.50510168,199.624837008
sat_220,SIM-SL-P13-11,,starlink,3,13,v2,1,2280000.0,0.0,6911.613607901,0.001289160287,97.3484178,33.61155912,73.081311707,174.632809284
sat_221,SIM-SL-P13-12,,starlink,3,13,v2,1,2280000.0,0.0,6908.929292131,0.001852564013,97.349859617,33.619161386,105.261226421,165.0131514
sat_222,SIM-SL-P13-13,,starlink,3,13,v2,1,2280000.0,0.0,6911.70163617,0.001801205485,97.348376592,33.626631114,137.430397764,155.091204983
sat_223,SIM-SL-P13-14,,starlink,3,13,v2,1,2280000.0,0.0,6918.36463253,0.001258447917,97.344811519,33.632083055,173.70453649,141.401789241
sat_224,SIM-SL-P13-15,,starlink,3,13,v2,1,2280000.0,0.0,6924.990265861,0.000571370477,97.34127302,33.634547994,217.48639022,120.23866536
sat_225,SKYSAT-A,2013-066C,planet,,14,skysat,1,143047.74,10.5,6904.992161,0.00197448,97.38,233.7235,255.1046,104.7999
sat_226,SKYSAT-B,2014-037D,planet,,15,skysat,1,218633.83,9.5,6982.100772,0.00046684,98.3847,144.7855,212.2976,147.7954
sat_227,SKYSAT-C1,2016-040C,planet,,16,skysat,1,477827.73,7.5,6834.351279,0.00016272,96.955,215.644,20.9666,339.1646
sat_228,SKYSAT-C4,2016-058B,planet,,17,skysat,1,477827.73,7.5,6797.440786,0.00028409,96.9164,205.8879,135.1077,225.0405
sat_229,SKYSAT-C5,2016-058C,planet,,18,skysat,1,477827.73,7.5,6839.910613,0.0002087,97.0456,224.8219,185.9472,174.1747
sat_230,SKYSAT-C2,2016-058D,planet,,19,skysat,1,477827.73,7.5,6816.986728,0.00028712,97.0161,206.4644,31.7652,328.3769
sat_231,SKYSAT-C3,2016-058E,planet,,20,skysat,1,477827.73,7.5,6785.342137,0.00016709,96.8996,215.0461,133.2448,226.8947
sat_232,SKYSAT-C11,2017-068A,planet,,21,skysat,1,681393.19,6.5,6769.40479,4.94e-05,97.4372,333.9135,157.323,202.8047
sat_233,SKYSAT-C10,2017-068B,planet,,22,skysat,1,681393.19,6.5,6839.252361,0.00012658,97.4531,322.196,109.1997,250.9384
sat_234,SKYSAT-C9,2017-068C,planet,,23,skysat,1,681393.19,6.5,6818.37674,0.00093084,97.4451,323.2944,79.8326,280.397
sat_235,SKYSAT-C8,2017-068D,planet,,24,skysat,1,681393.19,6.5,6832.199832,0.00012413,97.4548,322.0056,96.5568,263.5818
sat_236,SKYSAT-C7,2017-068E,planet,,25,skysat,1,681393.19,6.5,6832.339589,0.00065931,97.4559,322.9903,56.7606,303.4269
sat_237,SKYSAT-C6,2017-068F,planet,,26,skysat,1,681393.19,6.5,6841.270359,0.00052077,97.4595,322.6158,106.487,253.6946
sat_238,SKYSAT-C12,2018-099AR,planet,,27,skysat,1,946411.85,5.5,6796.489167,0.00060963,96.9247,207.2109,96.3075,263.8872
sat_239,FLOCK 4Q-16,2023-174R,planet,,28,dove,1,193774.4,0.5,6794.830945,0.00070476,97.3834,273.7267,108.6158,251.5859
sat_240,FLOCK 4Q-11,2023-174T,planet,,29,dove,1,193774.4,0.5,6793.662704,0.00068862,97.3867,274.1268,105.1275,255.0739
sat_241,FLOCK 4Q-28,2023-174AA,planet,,30,dove,1,193774.4,0.5,6776.927798,0.00059193,97.3882,276.5242,99.3112,260.8813
sat_242,FLOCK 4Q-27,2023-174AC,planet,,31,dove,1,193774.4,0.5,6776.220386,0.00048012,97.3809,275.9423,98.0744,262.1056
sat_243,PELICAN-1,2023-174AS,planet,,32,dove,1,193774.4,0.5,6729.775852,0.0003297,97.4008,284.556,150.823,209.3218
sat_244,FLOCK 4Q-7,2023-174BQ,planet,,33,dove,1,193774.4,0.5,6775.405551,0.00055988,97.3911,277.0607,84.5532,275.6361
sat_245,FLOCK 4Q-2,2023-174BS,planet,,34,dove,1,193774.4,0.5,6793.672239,0.00058296,97.3835,274.1596,84.6807,275.511
sat_246,FLOCK 4Q-9,2023-174BU,planet,,35,dove,1,193774.4,0.5,6792.480981,0.00069655,97.3859,273.9484,88.7386,271.4664
sat_247,FLOCK 4Q-4,2023-174BZ,planet,,36,dove,1,193774.4,0.5,6796.66124,0.00067526,97.3825,272.3058,108.6337,251.5648
sat_248,FLOCK 4Q-13,2023-174CA,planet,,37,dove,1,193774.4,0.5,6787.795066,0.00067967,97.4002,276.063,91.0695,269.1336
sat_249,FLOCK 4BE-18,2024-149N,planet,,38,dove,1,200000.0,0.0,6817.015081,0.00042785,97.3723,268.6657,178.87,181.2558
sat_250,FLOCK 4BE-7,2024-149P,planet,,39,dove,1,200000.0,0.0,6821.205719,0.00035138,97.3755,268.1947,178.2346,181.8914
sat_251,FLOCK 4BE-36,2024-149U,planet,,40,dove,1,200000.0,0.0,6814.716801,0.00039009,97.3741,269.6138,183.9849,176.1369
sat_252,FLOCK 4BE-25,2024-149V,planet,,41,dove,1,200000.0,0.0,6826.380896,0.00028793,97.3795,268.0647,168.2652,191.8661
sat_253,FLOCK 4BE-31,2024-149W,planet,,42,dove,1,200000.0,0.0,6810.211794,0.00029894,97.3796,270.537,179.3105,180.8149
sat_254,FLOCK 4BE-20,2024-149X,planet,,43,dove,1,200000.0,0.0,6828.530998,0.00040934,97.3692,267.1346,184.502,175.619
sat_255,FLOCK 4BE-23,2024-149Y,planet,,44,dove,1,200000.0,0.0,6829.822448,0.00036226,97.3776,267.5149,187.4578,172.6614
sat_256,FLOCK 4BE-17,2024-149AA,planet,,45,dove,1,200000.0,0.0,6823.431433,0.00035583,97.3768,268.2948,175.8016,184.326
sat_257,FLOCK 4BE-22,2024-149AC,planet,,46,dove,1,200000.0,0.0,6819.299745,0.00038501,97.3731,268.4793,187.8246,172.2942
sat_258,FLOCK 4BE-34,2024-149AD,planet,,47,dove,1,200000.0,0.0,6819.341534,0.00037473,97.3779,269.5922,193.5519,166.5628
sat_259,FLOCK 4BE-32,2024-149AF,planet,,48,dove,1,200000.0,0.0,6816.153702,0.00039807,97.3718,269.1052,190.7109,169.4055
sat_260,FLOCK 4BE-11,2024-149AK,planet,,49,dove,1,200000.0,0.0,6813.794069,0.00040138,97.3696,269.3371,190.6681,169.4482
sat_261,FLOCK 4BE-24,2024-149AP,planet,,50,dove,1,200000.0,0.0,6813.251498,0.00041451,97.3711,269.8478,203.5659,156.5399
sat_262,TANAGER-1,2024-149AR,planet,,51,dove,0,200000.0,0.0,6811.050659,0.0002331,97.2319,277.715,253.4701,106.6292
sat_263,FLOCK 4BE-29,2024-149AT,planet,,52,dove,1,200000.0,0.0,6810.361055,0.00026192,97.381,271.0925,203.2103,156.9028
sat_264,FLOCK 4BE-2,2024-149AV,planet,,53,dove,1,200000.0,0.0,6781.189844,0.00048449,97.3827,272.9942,203.2404,156.8631
sat_265,FLOCK 4BE-13,2024-149AW,planet,,54,dove,1,200000.0,0.0,6817.32854,0.00041962,97.3718,269.5525,190.2037,169.9126
sat_266,FLOCK 4BE-27,2024-149AX,planet,,55,dove,1,200000.0,0.0,6839.829819,0.0002881,97.3823,266.6187,225.791,134.3097
sat_267,FLOCK 4BE-9,2024-149AY,planet,,56,dove,1,200000.0,0.0,6820.377743,0.00026202,97.3789,269.4779,205.2967,154.8152
sat_268,FLOCK 4BE-6,2024-149BA,planet,,57,dove,1,200000.0,0.0,6824.129375,0.00032204,97.3788,268.5191,210.5339,149.572
sat_269,FLOCK 4BE-14,2024-149BB,planet,,58,dove,1,200000.0,0.0,6819.662453,0.00042164,97.3692,269.0975,213.7024,146.3955
sat_270,FLOCK 4BE-1,2024-149BC,planet,,59,dove,1,200000.0,0.0,6814.875444,0.000396,97.3777,270.3028,212.5041,147.5963
sat_271,FLOCK 4BE-28,2024-149BD,planet,,60,dove,1,200000.0,0.0,6807.992229,0.00041049,97.3744,271.0686,207.8071,152.296
sat_272,FLOCK 4BE-5,2024-149CV,planet,,61,dove,1,200000.0,0.0,6821.998596,0.00029697,97.3841,269.1472,207.7309,152.378
sat_273,FLOCK 4BE-3,2024-149CX,planet,,62,dove,1,200000.0,0.0,6818.157681,0.00039747,97.3694,269.0345,203.2915,156.8153
sat_274,FLOCK 4BE-19,2024-149CZ,planet,,63,dove,1,200000.0,0.0,6809.054256,0.00046902,97.3742,269.8787,212.8224,147.2734
sat_275,FLOCK 4G-8,2025-009E,planet,,64,dove,1,200000.0,0.0,6853.764678,0.00029587,97.4004,266.8971,236.7122,123.3835
sat_276,FLOCK 4G-13,2025-009N,planet,,65,dove,1,200000.0,0.0,6802.740765,0.00056019,97.3954,268.5764,225.7667,134.3124
sat_277,FLOCK 4G-9,2025-009P,planet,,66,dove,1,200000.0,0.0,6858.871429,0.00032192,97.3955,265.9929,254.64,105.4484
sat_278,FLOCK 4G-7,2025-009R,planet,,67,dove,1,200000.0,0.0,6855.010217,0.00014693,97.3941,266.1661,224.9797,135.1325
sat_279,FLOCK 4G-12,2025-009S,planet,,68,dove,1,200000.0,0.0,6855.198722,0.00031053,97.4019,266.9603,232.6965,127.3992
sat_280,FLOCK 4G-11,2025-009W,planet,,69,dove,1,200000.0,0.0,6854.876721,0.00015286,97.392,266.517,230.2691,129.8415
sat_281,PELICAN-2,2025-009Y,planet,,70,dove,1,200000.0,0.0,6822.330828,0.00020645,97.2359,274.9216,132.6975,227.4446
sat_282,FLOCK 4G-26,2025-009AA,planet,,71,dove,1,200000.0,0.0,6854.358861,0.00025492,97.4014,267.1175,217.7467,142.3596
sat_283,FLOCK 4G-28,2025-009AB,planet,,72,dove,1,200000.0,0.0,6838.713018,0.00010651,97.4025,269.3589,187.8603,172.2624
sat_284,FLOCK 4G-20,2025-009AD,planet,,73,dove,1,200000.0,0.0,6772.514537,0.00054308,97.3843,269.7366,226.6783,133.4021
sat_285,FLOCK 4G-24,2025-009AE,planet,,74,dove,1,200000.0,0.0,6853.390832,0.00025697,97.4023,267.1692,200.0341,160.0799
sat_286,FLOCK 4G-3,2025-009AG,planet,,75,dove,1,200000.0,0.0,6854.931895,0.00020815,97.4023,266.6145,207.572,152.541
sat_287,FLOCK 4G-27,2025-009AJ,planet,,76,dove,1,200000.0,0.0,6855.068608,0.00015,97.393,266.2568,205.7767,154.3399
sat_288,FLOCK 4G-29,2025-009AK,planet,,77,dove,1,200000.0,0.0,6854.850459,0.00022518,97.402,266.6452,202.1967,157.9176
sat_289,FLOCK 4G-22,2025-009AN,planet,,78,dove,1,200000.0,0.0,6855.191285,0.00018702,97.4006,266.8961,193.8158,166.3031
sat_290,FLOCK 4G-25,2025-009AP,planet,,79,dove,1,200000.0,0.0,6854.486378,0.00013637,97.4011,267.2059,190.4891,169.6322
sat_291,FLOCK 4G-23,2025-009AQ,planet,,80,dove,1,200000.0,0.0,6842.08288,0.00025141,97.3926,266.6157,191.6747,168.4438
sat_292,FLOCK 4G-34,2025-009AT,planet,,81,dove,1,200000.0,0.0,6855.173932,0.00012937,97.396,266.4463,189.2012,170.9205
sat_293,FLOCK 4G-21,2025-009AU,planet,,82,dove,1,200000.0,0.0,6847.477804,0.00020123,97.3993,267.1407,222.5446,137.5641
sat_294,FLOCK 4G-31,2025-009AV,planet,,83,dove,1,200000.0,0.0,6855.735353,8.891e-05,97.3966,266.6441,173.7022,186.423
sat_295,FLOCK 4G-4,2025-009BC,planet,,84,dove,1,200000.0,0.0,6849.544824,0.00036669,97.3945,266.2139,226.249,133.8448
sat_296,FLOCK 4G-6,2025-009BD,planet,,85,dove,1,200000.0,0.0,6854.525467,0.0001908,97.3938,266.2904,254.5977,105.5053
sat_297,FLOCK 4G-2,2025-009BE,planet,,86,dove,1,200000.0,0.0,6853.529066,0.00027727,97.4007,266.9776,250.8147,109.2794
sat_298,FLOCK 4G-5,2025-009BG,planet,,87,dove,1,200000.0,0.0,6851.741051,0.00024478,97.4025,267.364,224.0678,136.0368
sat_299,FLOCK 4G-1,2025-009BK,planet,,88,dove,1,200000.0,0.0,6853.932771,0.0003062,97.4018,267.1364,245.1122,114.9801
sat_300,FLOCK 4G-14,2025-009BL,planet,,89,dove,1,200000.0,0.0,6855.292246,0.00031391,97.4022,266.9029,239.7755,120.3175
sat_301,FLOCK 4G-10,2025-009BP,planet,,90,dove,1,200000.0,0.0,6854.979227,0.00028761,97.3921,266.225,265.2065,94.8847
sat_302,FLOCK 4G-36,2025-009BU,planet,,91,dove,1,200000.0,0.0,6855.095414,0.00033289,97.4011,266.6354,247.3842,112.7046
sat_303,FLOCK 4G-15,2025-009BX,planet,,92,dove,1,200000.0,0.0,6854.808225,0.00035654,97.4013,266.9792,241.8036,118.2845
sat_304,FLOCK 4G-30,2025-009BY,planet,,93,dove,1,200000.0,0.0,6844.282241,0.00032815,97.3918,266.4884,232.9131,127.1812
sat_305,FLOCK 4G-18,2025-009BZ,planet,,94,dove,1,200000.0,0.0,6849.428783,0.00049884,97.4005,266.6399,250.3766,109.6937
sat_306,FLOCK 4G-17,2025-009CA,planet,,95,dove,1,200000.0,0.0,6854.260297,0.00032627,97.392,266.4884,263.7788,96.308
sat_307,FLOCK 4G-33,2025-009CE,planet,,96,dove,1,200000.0,0.0,6866.853453,0.00039037,97.3943,264.3293,266.9198,93.1593
sat_308,PELICAN-3,2025-188A,planet,,97,dove,1,200000.0,0.0,6821.588679,0.00016554,97.1981,261.0881,105.7601,254.3828
sat_309,PELICAN-4,2025-188B,planet,,98,dove,1,200000.0,0.0,6821.705083,9.294e-05,97.1993,261.0033,91.2766,268.8587
sat_310,PELICAN-5,2025-276B,planet,,99,dove,1,200000.0,0.0,6849.766986,0.00027018,97.4246,259.6119,20.3573,339.7775
sat_311,PELICAN-6,2025-276AP,planet,,100,dove,1,200000.0,0.0,6851.221151,0.00016675,97.3866,259.001,34.9015,325.2335
sat_312,FLOCK 4H-1,2025-276AQ,planet,,101,dove,1,200000.0,0.0,6881.75298,8.814e-05,97.4171,258.5767,213.2085,146.9096
sat_313,FLOCK 4H-2,2025-276AR,planet,,102,dove,1,200000.0,0.0,6880.938768,5.685e-05,97.4167,258.468,159.5311,200.5947
sat_314,FLOCK 4H-3,2025-276AS,planet,,103,dove,1,200000.0,0.0,6883.5733,0.00025033,97.4235,258.5757,314.4864,45.6166
sat_315,FLOCK 4H-4,2025-276AT,planet,,104,dove,1,200000.0,0.0,6884.251392,0.00031929,97.422,258.2234,314.2774,45.8198
sat_316,FLOCK 4H-5,2025-276AU,planet,,105,dove,1,200000.0,0.0,6881.591514,8.155e-05,97.4169,258.3954,119.9868,240.1449
sat_317,FLOCK 4H-6,2025-276AV,planet,,106,dove,1,200000.0,0.0,6882.485182,0.00016529,97.422,258.6742,264.8018,95.3028
sat_318,FLOCK 4H-7,2025-276AW,planet,,107,dove,1,200000.0,0.0,6883.207664,0.00017032,97.4178,257.9685,13.5137,346.6144
sat_319,FLOCK 4H-8,2025-276AX,planet,,108,dove,1,200000.0,0.0,6882.864365,0.00023263,97.4217,258.5558,335.2779,24.8345
sat_320,FLOCK 4H-9,2025-276AY,planet,,109,dove,1,200000.0,0.0,6881.960318,0.00017629,97.4206,258.6623,276.6996,83.4039
sat_321,FLOCK 4H-10,2025-276AZ,planet,,110,dove,1,200000.0,0.0,6883.854861,0.00030462,97.4184,258.2118,314.2899,45.8086
sat_322,FLOCK 4H-11,2025-276BA,planet,,111,dove,1,200000.0,0.0,6874.679253,0.00013945,97.4191,258.929,330.9825,29.1334
sat_323,FLOCK 4H-12,2025-276BB,planet,,112,dove,1,200000.0,0.0,6881.886295,7.99e-05,97.4181,258.5894,231.9208,128.1955
sat_324,FLOCK 4H-13,2025-276BC,planet,,113,dove,1,200000.0,0.0,6881.554783,0.00010994,97.4215,258.5335,152.0038,208.1257
sat_325,FLOCK 4H-14,2025-276BD,planet,,114,dove,1,200000.0,0.0,6880.241025,0.00010368,97.4201,258.3452,145.1046,215.0258
sat_326,FLOCK 4H-15,2025-276BE,planet,,115,dove,1,200000.0,0.0,6884.718855,0.00031821,97.4214,257.7309,337.6841,22.4255
sat_327,FLOCK 4H-16,2025-276BF,planet,,116,dove,1,200000.0,0.0,6883.883087,0.0002931,97.4227,258.4573,317.6602,42.4407
sat_328,FLOCK 4H-18,2025-276BH,planet,,117,dove,1,200000.0,0.0,6884.064395,0.00029495,97.4172,258.1563,350.771,9.347
sat_329,FLOCK 4H-19,2025-276BJ,planet,,118,dove,1,200000.0,0.0,6880.398175,0.00014245,97.4172,258.7363,169.6387,190.4878
sat_330,FLOCK 4H-20,2025-276BK,planet,,119,dove,1,200000.0,0.0,6879.985143,0.00017034,97.4209,258.4484,207.823,152.2915
sat_331,FLOCK 4H-21,2025-276BL,planet,,120,dove,1,200000.0,0.0,6881.228723,0.00015214,97.4174,258.183,207.3439,152.7716
sat_332,FLOCK 4H-22,2025-276BM,planet,,121,dove,1,200000.0,0.0,6882.78423,0.00019069,97.4163,258.3973,4.3732,355.752
sat_333,FLOCK 4H-23,2025-276BN,planet,,122,dove,1,200000.0,0.0,6884.114527,0.00029123,97.4234,258.4639,305.228,54.8682
sat_334,FLOCK 4H-24,2025-276BP,planet,,123,dove,1,200000.0,0.0,6883.807869,0.00027117,97.4233,258.2834,331.8762,28.2326
sat_335,FLOCK 4H-25,2025-276BQ,planet,,124,dove,1,200000.0,0.0,6881.457984,0.00013421,97.4186,258.5155,129.491,230.6444
sat_336,FLOCK 4H-26,2025-276BR,planet,,125,dove,1,200000.0,0.0,6884.618125,0.00035014,97.4183,258.3017,322.9066,37.1926
sat_337,FLOCK 4H-27,2025-276BS,planet,,126,dove,1,200000.0,0.0,6882.009379,0.00010768,97.4161,258.5336,116.8209,243.3137
sat_338,FLOCK 4H-29,2025-276BU,planet,,127,dove,1,200000.0,0.0,6884.205546,0.00023476,97.4164,258.2656,349.5872,10.5314
sat_339,FLOCK 4H-30,2025-276BV,planet,,128,dove,1,200000.0,0.0,6883.918361,0.00031267,97.4229,256.5114,336.4416,23.6676
sat_340,FLOCK 4H-31,2025-276BW,planet,,129,dove,1,200000.0,0.0,6884.498708,0.00026712,97.4159,258.2463,340.3484,19.7648
sat_341,FLOCK 4H-32,2025-276BX,planet,,130,dove,1,200000.0,0.0,6884.157168,0.00032965,97.4218,258.033,322.508,37.5925
sat_342,FLOCK 4H-33,2025-276BY,planet,,131,dove,1,200000.0,0.0,6880.712062,0.00016287,97.4213,258.8281,191.4219,168.698
sat_343,FLOCK 4H-34,2025-276BZ,planet,,132,dove,1,200000.0,0.0,6881.839728,0.00014257,97.423,258.3504,208.0453,152.0706
sat_344,FLOCK 4H-35,2025-276CA,planet,,133,dove,1,200000.0,0.0,6881.443966,0.00016204,97.4191,258.6582,178.5559,181.5681
sat_345,FLOCK 4H-36,2025-276CB,planet,,134,dove,1,200000.0,0.0,6882.155997,0.0001291,97.4238,258.2926,231.9222,128.1897
sat_346,PELICAN-7,2026-100AP,planet,,135,dove,1,200000.0,0.0,6874.059832,0.00037255,97.3885,82.7769,101.7869,258.3786
sat_347,EDDA-1,2026-100AQ,planet,,136,dove,1,200000.0,0.0,6874.791004,0.0002915,97.3845,81.7882,127.7478,232.4023
sat_348,PELICAN-9,2026-100AR,planet,,137,dove,1,200000.0,0.0,6879.543895,0.0003207,97.3834,82.1598,11.3925,348.7383
depot_1,DEPOT,,depot,,138,depot,0,0.0,0.0,6938.137,0.0,97.6,0.0,0.0,0.0
