scenario,algo,trial,points,hypervolume,knee,frac_new,best_dv,min_fleet,best_unrecovered_M
S1_repair,mdls,1,41,0.6123534568560242,0.4621490177350279,0.975609756097561,442.3165626525879,1.0,232.4147749599995
S1_repair,nsga2,1,46,0.5393682118482225,0.5380631366937028,0.9130434782608696,950.3545837402344,2.0,232.4147749599995
S1_repair,mdls,2,39,0.607774740482709,0.5143920568960161,1.0,494.7826385498047,1.0,244.67847011999947
S1_repair,nsga2,2,52,0.5226738539895607,0.5561249907069353,0.7115384615384616,594.9229736328125,2.0,244.67847011999947
S1_repair,mdls,3,39,0.5827898427277801,0.5160054317464666,1.0,477.0284652709961,1.0,252.8283174799997
S1_repair,nsga2,3,46,0.5173759388089301,0.5457071237019752,1.0,827.1661720275879,2.0,255.1083174799997
S1_repair,mdls,4,35,0.6118088351881712,0.4990150894420758,1.0,447.2784538269043,1.0,260.1102260699996
S1_repair,nsga2,4,69,0.582169744696676,0.5034913017813593,0.9130434782608696,859.2213020324707,2.0,260.1102260699996
S1_repair,mdls,5,36,0.6096538411771388,0.5027960133800429,1.0,496.8966255187988,1.0,231.9697116999997
S1_repair,nsga2,5,50,0.5501688133685968,0.5770575594751945,0.7,930.2035942077636,2.0,231.9697116999997
S1_repair,mdls,6,37,0.6227354344890368,0.46012548455098407,1.0,405.1987113952637,1.0,242.16975902999962
S1_repair,nsga2,6,38,0.5365074821894832,0.5430267090135441,0.7894736842105263,924.9824481010436,2.0,242.16975902999962
S1_repair,mdls,7,36,0.5710420222999492,0.5576858330990632,0.9722222222222222,483.556697845459,1.0,254.2914472099996
S1_repair,nsga2,7,46,0.5261771238059072,0.559928594096576,0.7391304347826086,974.9164810180664,2.0,254.2914472099996
S1_repair,mdls,8,37,0.5871139884702172,0.5425629944864466,1.0,498.8439712524414,1.0,246.04093345999956
S1_repair,nsga2,8,46,0.5430157563319084,0.579116169780551,0.782608695652174,976.5549926757812,2.0,246.04093345999956
S1_repair,mdls,9,34,0.5548921354761178,0.5646779703646588,1.0,404.63493728637695,1.0,252.4647936199996
S1_repair,nsga2,9,40,0.4956823082859242,0.6334242798893909,0.875,961.2527198791504,2.0,252.4647936199996
S1_repair,mdls,10,43,0.5635089823895927,0.5494444074057245,1.0,457.6439781188965,1.0,234.8422564499997
S1_repair,nsga2,10,50,0.5078988212116394,0.5550497035116353,0.96,944.2576446533204,2.0,234.8422564499997
S1_repair,mdls,11,42,0.5999169268240239,0.5202449426850692,1.0,482.3997573852539,1.0,247.20685355999967
S1_repair,nsga2,11,47,0.5208610551044381,0.5589079764691611,1.0,964.9705352783204,2.0,247.20685355999967
S1_repair,mdls,12,45,0.5990640427191695,0.5197392060108625,1.0,484.6290473937988,1.0,233.16560663999968
S1_repair,nsga2,12,40,0.5084908043497232,0.5966692968332582,0.725,753.034502029419,2.0,233.16560663999968
S1_repair,mdls,13,54,0.5463951240902496,0.5500259241699134,1.0,390.9627265930176,1.0,263.37080345999954
S1_repair,nsga2,13,38,0.45857676900054434,0.6063687705205726,0.7105263157894737,852.6399269104004,2.0,265.65080345999957
S1_repair,mdls,14,65,0.598466382966792,0.5303258369706658,0.9846153846153847,489.75588607788086,1.0,221.4754788599997
S1_repair,nsga2,14,50,0.5476996028030585,0.5519055119885216,0.74,979.053394317627,2.0,222.0754788599997
S1_repair,mdls,15,41,0.6386893875486113,0.4766712433126912,1.0,405.0496063232422,1.0,250.0769591499997
S1_repair,nsga2,15,52,0.6106451834118735,0.5164131709815643,0.9230769230769231,843.0323257446289,2.0,250.2769591499997
S2_refuel,mdls,1,39,0.6411873448064177,0.4460498800803694,1.0,454.2876739501953,1.0,238.6061920499996
S2_refuel,nsga2,1,47,0.5461655844242808,0.511367570924413,0.8085106382978724,917.2043418884276,2.0,239.00619204999958
S2_refuel,mdls,2,35,0.5572936531881262,0.5341972149076737,0.9714285714285714,482.26409912109375,1.0,240.90904247999973
S2_refuel,nsga2,2,48,0.5398373096791872,0.5467066237871921,0.7083333333333333,972.2023239135742,2.0,240.90904247999973
S2_refuel,mdls,3,45,0.5820715293068468,0.4921620302668689,1.0,427.7749366760254,1.0,247.6335134799996
S2_refuel,nsga2,3,55,0.5375705698605105,0.5452306821108931,0.9454545454545454,850.2972221374512,2.0,247.6335134799996
S2_refuel,mdls,4,36,0.5895785266692084,0.47757485905703473,0.9722222222222222,499.06776428222656,1.0,226.24024299999965
S2_refuel,nsga2,4,38,0.5651831393695784,0.47546822180925513,0.9210526315789473,869.4657821655273,2.0,226.24024299999965
S2_refuel,mdls,5,44,0.4961624749437891,0.6117284047362871,0.9545454545454546,485.4407024383545,1.0,234.30399131999977
S2_refuel,nsga2,5,39,0.44583425225441065,0.6431092540173724,0.9230769230769231,844.6633911132812,2.0,234.50399131999976
S2_refuel,mdls,6,30,0.6231337507611551,0.46901422297691125,0.9666666666666667,475.3248977661133,1.0,209.33499436999983
S2_refuel,nsga2,6,44,0.58432104634365,0.5322272064656106,0.6590909090909092,957.6375694274902,2.0,209.33499436999983
S2_refuel,mdls,7,38,0.6348871579894477,0.46545722737081163,0.9736842105263158,485.1071434020996,1.0,233.3581043599996
S2_refuel,nsga2,7,52,0.5302981339758625,0.49360283941641475,0.7692307692307692,869.9762077331543,2.0,233.5581043599996
S2_refuel,mdls,8,35,0.5813741091914089,0.49451874921191596,0.8857142857142857,427.4122123718262,1.0,232.4141843199997
S2_refuel,nsga2,8,44,0.5169053418447941,0.5345957627673867,0.7954545454545454,878.2800483703613,2.0,232.4141843199997
S2_refuel,mdls,9,43,0.6304844466570316,0.43148355096439517,0.9534883720930233,464.8307571411133,1.0,240.14012676999968
S2_refuel,nsga2,9,50,0.5271327246305191,0.551336533182588,0.9,625.2114458084106,2.0,240.34012676999967
S2_refuel,mdls,10,55,0.618191292145984,0.41845282424934965,0.9454545454545454,488.6601028442383,1.0,256.5906573299995
S2_refuel,nsga2,10,54,0.5868775950695323,0.4755771088595395,0.7592592592592593,986.3251457214355,2.0,257.3844317299995
S2_refuel,mdls,11,39,0.6446537374647429,0.44933770385430627,1.0,434.950813293457,1.0,263.0976588499995
S2_refuel,nsga2,11,45,0.6281653295542878,0.462456043991578,0.7555555555555555,860.7033042907715,2.0,263.0976588499995
S2_refuel,mdls,12,34,0.6209771616490221,0.48322100282718594,1.0,454.7054710388184,1.0,251.32735560999944
S2_refuel,nsga2,12,47,0.6016408427183242,0.5055928589045064,0.9574468085106383,890.2945175170898,2.0,251.32735560999944
S2_refuel,mdls,13,33,0.6417347577931832,0.47544201262541086,0.9696969696969697,483.922966003418,1.0,246.05421218999962
S2_refuel,nsga2,13,52,0.595272460871775,0.5150238923300123,0.75,920.7448272705078,2.0,246.05421218999962
S2_refuel,mdls,14,28,0.6255228585439898,0.441861612174744,0.9285714285714286,486.91400146484375,1.0,251.59785325999962
S2_refuel,nsga2,14,60,0.6002329997215284,0.4417581251361208,0.8333333333333334,878.0662117004395,2.0,251.79785325999964
S2_refuel,mdls,15,46,0.5619845596858328,0.5672947351690651,0.9782608695652174,426.5366668701172,1.0,221.22438757999961
S2_refuel,nsga2,15,50,0.49065351683609104,0.5836039199257166,0.8,910.0317764282228,2.0,221.22438757999961
S3_deorbit,mdls,1,34,0.48158779112655853,0.6158742226449007,0.9705882352941176,493.9689636230469,1.0,268.1019137899996
S3_deorbit,nsga2,1,45,0.4357219631577931,0.6476824559898587,0.6666666666666667,944.1167640686036,2.0,273.0494625899996
S3_deorbit,mdls,2,30,0.5730953091740186,0.4812302114585302,0.9333333333333333,477.8441352844238,1.0,256.2010459699996
S3_deorbit,nsga2,2,50,0.5269271013669815,0.509704448825149,0.76,954.0087490081788,2.0,258.6810459699996
S3_deorbit,mdls,3,35,0.5523333939953591,0.5493141194142599,0.9428571428571428,471.9092597961426,1.0,256.52811082999966
S3_deorbit,nsga2,3,39,0.49920258510793747,0.5738711877847088,0.6923076923076923,958.9521446228028,2.0,256.52811082999966
S3_deorbit,mdls,4,38,0.5606149166478042,0.5572498871314192,1.0,463.3610572814941,1.0,243.3640545799996
S3_deorbit,nsga2,4,43,0.46726945832347794,0.6326941364929964,0.6046511627906976,943.3298568725586,2.0,243.3640545799996
S3_deorbit,mdls,5,36,0.6033871017127246,0.4830886406707974,0.7777777777777778,477.6136474609375,1.0,241.10222122999969
S3_deorbit,nsga2,5,56,0.48448189696180627,0.5844862702789534,0.2142857142857143,946.6500091552734,2.0,245.6622212299997
S3_deorbit,mdls,6,36,0.6154701276989835,0.4815859788212811,1.0,395.992733001709,1.0,239.96913211999956
S3_deorbit,nsga2,6,54,0.47673762507883294,0.6154224122730629,0.7037037037037037,868.8324241638184,2.0,239.96913211999956
S3_deorbit,mdls,7,40,0.4793016552522594,0.644822628906408,1.0,455.56645011901855,1.0,241.5923908999996
S3_deorbit,nsga2,7,40,0.44002852071045545,0.6611864215028909,0.44999999999999996,950.7082691192628,2.0,246.3523908999996
S3_deorbit,mdls,8,45,0.5811030536344679,0.5151083207067373,0.9777777777777777,415.8509216308594,1.0,237.2507760999997
S3_deorbit,nsga2,8,38,0.5036766867684673,0.5313862202165496,0.5263157894736843,885.8216972351074,2.0,239.5307760999997
S3_deorbit,mdls,9,33,0.6054770513818417,0.4788699582451642,0.8181818181818181,471.325665473938,1.0,246.8044840199995
S3_deorbit,nsga2,9,41,0.5396193689404116,0.4808018045996093,0.8780487804878049,959.2491769790648,2.0,247.0044840199995
S3_deorbit,mdls,10,41,0.6744961601501333,0.4195192982110184,0.9024390243902439,424.31237030029297,1.0,267.71869818999966
S3_deorbit,nsga2,10,52,0.6117614634981975,0.4463260564928213,0.7884615384615384,914.0593872070312,2.0,267.91869818999965
S3_deorbit,mdls,11,42,0.5754322305158799,0.5648144823111428,0.8571428571428572,472.8730049133301,1.0,237.60795017999956
S3_deorbit,nsga2,11,55,0.487226257141512,0.6145958663968232,0.8727272727272728,869.9886856079102,2.0,237.60795017999956
S3_deorbit,mdls,12,39,0.5141860682313485,0.5769149249030324,0.9230769230769231,483.4384574890137,1.0,257.1652012599996
S3_deorbit,nsga2,12,42,0.4563439646601218,0.6062795209340411,0.5238095238095238,871.8981666564941,2.0,262.5252012599996
S3_deorbit,mdls,13,34,0.6440473362683471,0.4524493140489437,0.9705882352941176,482.5379829406738,1.0,248.13229931999953
S3_deorbit,nsga2,13,48,0.5987953232659906,0.4830004783644986,0.8125,899.524040222168,2.0,248.13229931999953
S3_deorbit,mdls,14,36,0.5892841949880303,0.5222401276314735,0.9722222222222222,496.71059799194336,1.0,282.1003306699994
S3_deorbit,nsga2,14,36,0.5058476638511477,0.6043509045963943,0.5,676.0005111694336,2.0,287.26033066999946
S3_deorbit,mdls,15,42,0.4857164102224122,0.6271319202108621,0.8333333333333334,473.2769298553467,1.0,235.61288514999958
S3_deorbit,nsga2,15,48,0.41105102978776414,0.6842587638309334,0.47916666666666663,943.9794788360596,2.0,237.8928851499996
