f1_dv,f2_unrecovered_value,f3_vehicles
1851.3062896728516,296477798.92999995,4.0
7308.730422973633,252409379.77999958,16.0
4453.073036193848,257433619.35999954,10.0
483.92296600341797,323357798.93000007,1.0
6815.072992324829,253209379.77999958,15.0
5436.347145080566,255009379.77999958,12.0
3239.6902389526367,275556405.73999965,7.0
3978.0938835144043,262593619.3599995,9.0
1381.8347091674805,303917798.93000007,3.0
2687.988182067871,285957798.9299998,6.0
930.5614624023438,307397798.93000007,2.0
4952.522464752197,256633619.35999957,11.0
3592.6852378845215,269633619.3599995,8.0
11957.815147399902,246054212.18999958,25.0
10514.39192199707,246854212.18999958,22.0
8680.375019073486,250734212.18999958,18.0
6371.181644439697,253809379.77999958,14.0
9194.999515533447,249934212.18999958,19.0
3187.005241394043,279916405.73999965,7.0
2236.7149353027344,289437798.9299999,5.0
10985.612716674805,246654212.18999958,23.0
11481.6371383667,246254212.18999958,24.0
7330.512926101685,252334212.18999958,15.0
9598.888481140137,249534212.18999958,20.0
3625.0988845825195,268516405.73999953,8.0
10051.387100219727,249134212.18999958,21.0
5396.413812637329,256033619.35999957,12.0
5880.238492965698,254409379.77999958,13.0
6897.760206222534,252934212.18999958,14.0
7812.472818374634,251734212.18999958,16.0
8260.165016174316,251134212.18999958,17.0
8709.238773345947,250534212.18999958,18.0
9113.127738952637,250134212.18999958,19.0
