".ID.","shift","top_pct","remove_lo","remove_hi","add_lo","add_hi","swap","swap_top_n",".PARENT.","elite_iteration","final_elite"
1,32.6479,0.6937,0.406,0.5668,0.1295,0.3253,"",NA,NA,NA,FALSE
2,3.1479,0.2187,0.131,0.9168,0.4045,0.6753,"--swap",91,NA,NA,FALSE
3,47.3979,0.4562,0.2685,0.7418,0.267,0.5003,"--swap",19,NA,NA,FALSE
4,40.0229,0.1,0.4748,0.4793,0.0607,0.5878,"--swap",79,NA,NA,FALSE
5,10.5229,0.575,0.1998,0.8293,0.3357,0.9378,"",NA,NA,NA,FALSE
6,54.7729,0.8125,0.0623,0.6543,0.1982,0.4128,"",NA,NA,2,FALSE
7,28.9604,0.7531,0.0967,0.5231,0.3014,0.719,"",NA,NA,1,FALSE
8,43.7104,0.9906,0.2342,0.3481,0.4389,0.544,"",NA,NA,NA,FALSE
9,14.2104,0.5156,0.5092,0.6981,0.1639,0.894,"--swap",13,NA,NA,FALSE
10,6.8354,0.8718,0.4404,0.7856,0.0951,0.8065,"",NA,NA,NA,FALSE
11,36.3354,0.3968,0.1654,0.4356,0.3701,0.4565,"--swap",25,NA,NA,FALSE
12,51.0854,0.6343,0.5779,0.9606,0.5076,0.6315,"",NA,NA,NA,FALSE
13,21.5854,0.1593,0.3029,0.6106,0.2326,0.9815,"--swap",97,NA,NA,FALSE
14,23.4292,0.7828,0.2857,0.9824,0.1811,0.5659,"--swap",58,NA,NA,FALSE
15,52.9292,0.3078,0.5607,0.6324,0.4561,0.9159,"",NA,NA,NA,FALSE
16,8.6792,0.0703,0.4232,0.4574,0.3186,0.3909,"",NA,NA,NA,FALSE
17,38.1792,0.5453,0.1482,0.8074,0.5936,0.7409,"--swap",34,NA,1,FALSE
18,16.0542,0.4265,0.0795,0.8949,0.1123,0.3034,"",NA,NA,1,FALSE
19,45.5542,0.9015,0.3545,0.5449,0.3873,0.6534,"--swap",70,NA,NA,FALSE
20,30.8042,0.189,0.217,0.7199,0.5248,0.8284,"",NA,NA,NA,FALSE
21,34.4917,0.8421,0.5264,0.8512,0.2842,0.9596,"--swap",76,NA,NA,FALSE
22,4.9917,0.3671,0.2514,0.5012,0.5592,0.6096,"",NA,NA,NA,FALSE
23,19.7417,0.6046,0.3889,0.6762,0.4217,0.4346,"--swap",52,NA,NA,FALSE
24,49.2417,0.1296,0.1139,0.3262,0.1467,0.7846,"",NA,NA,NA,FALSE
25,27.1167,0.2484,0.5951,0.7637,0.3529,0.5221,"",NA,NA,NA,FALSE
26,56.6167,0.7234,0.3201,0.4137,0.0779,0.8721,"--swap",40,NA,NA,FALSE
27,41.8667,0.4859,0.4576,0.9387,0.2154,0.6971,"",NA,NA,NA,FALSE
28,44.6323,0.2336,0.0709,0.5777,0.2756,0.6424,"--swap",72,NA,1,FALSE
29,15.1323,0.7086,0.3459,0.9277,0.5506,0.9924,"",NA,NA,NA,FALSE
30,29.8823,0.4711,0.2084,0.4027,0.4131,0.8174,"--swap",48,NA,NA,FALSE
31,59.3823,0.9461,0.4834,0.7527,0.1381,0.4674,"",NA,NA,NA,FALSE
32,7.7573,0.1148,0.5521,0.8402,0.4818,0.7299,"--swap",60,NA,NA,FALSE
33,37.2573,0.5898,0.2771,0.4902,0.2068,0.3799,"",NA,NA,NA,FALSE
34,31.6196,0.6954,0.1565,0.5702,0.241,0.723,"--swap",36,6,NA,FALSE
35,35.7983,0.7323,0.2068,0.5492,0.4274,0.6011,"",NA,7,NA,FALSE
36,28.2615,0.6084,0.0804,0.6895,0.1388,0.5152,"",NA,18,7,TRUE
37,37.7006,0.9413,0.1311,0.9131,0.3492,0.4684,"",NA,18,NA,FALSE
38,22.1338,0.6158,0.0592,0.8251,0.3284,0.5355,"--swap",9,18,NA,FALSE
39,36.3791,0.1703,0.0657,0.4827,0.1983,0.6818,"",NA,28,NA,FALSE
40,13.8699,0.1776,0.1956,0.6165,0.1269,0.5032,"",NA,18,NA,FALSE
41,37.1835,0.5184,0.1383,0.3575,0.3412,0.7573,"",NA,28,NA,FALSE
42,57.3279,0.9797,0.0589,0.5326,0.2674,0.3199,"",NA,6,NA,FALSE
43,51.8804,0.5898,0.2199,0.5691,0.1305,0.5392,"",NA,6,NA,FALSE
44,51.5227,0.6886,0.1002,0.7754,0.4182,0.7774,"--swap",83,6,3,FALSE
45,55.2138,0.1913,0.497,0.5955,0.2747,0.5988,"",NA,7,NA,FALSE
46,58.0316,0.3559,0.2401,0.3977,0.0619,0.505,"",NA,6,NA,FALSE
47,12.5503,0.7323,0.1613,0.6151,0.2519,0.5297,"--swap",76,6,NA,FALSE
48,33.2105,0.2218,0.3531,0.8976,0.2236,0.5614,"",NA,18,NA,FALSE
49,47.6397,0.209,0.2798,0.8362,0.4158,0.4929,"--swap",40,18,NA,FALSE
50,36.8819,0.44,0.2916,0.5889,0.279,0.3186,"",NA,28,NA,FALSE
51,53.6522,0.566,0.0727,0.4088,0.1894,0.3599,"--swap",26,6,4,FALSE
52,36.4668,0.6503,0.1061,0.446,0.2366,0.6039,"",NA,6,2,FALSE
53,16.9467,0.4185,0.161,0.6328,0.0555,0.4388,"",NA,18,NA,FALSE
54,1.8741,0.5864,0.3292,0.572,0.1684,0.503,"",NA,18,NA,FALSE
55,55.3833,0.8727,0.1013,0.478,0.2299,0.3834,"--swap",26,28,NA,FALSE
56,41.9222,0.1623,0.1324,0.5075,0.2284,0.8105,"--swap",94,28,NA,FALSE
57,49.4129,0.6494,0.2659,0.7622,0.3557,0.7577,"",NA,6,NA,FALSE
58,26.3309,0.5021,0.205,0.8711,0.3636,0.738,"",NA,36,NA,FALSE
59,54.633,0.8628,0.2545,0.6683,0.2499,0.4982,"",NA,6,NA,FALSE
60,11.1321,0.5265,0.0726,0.5306,0.0661,0.6632,"",NA,36,7,TRUE
61,22.4115,0.6455,0.1002,0.7424,0.2895,0.5627,"",NA,36,NA,FALSE
62,23.1698,0.5005,0.0892,0.6086,0.3304,0.5292,"",NA,52,NA,FALSE
63,26.7664,0.5219,0.0508,0.3997,0.3704,0.8047,"",NA,52,4,FALSE
64,58.7234,0.8141,0.1436,0.3704,0.3322,0.3821,"--swap",20,51,NA,FALSE
65,35.1989,0.3509,0.0934,0.7619,0.1109,0.4907,"",NA,36,NA,FALSE
66,58.4357,0.8865,0.1202,0.6066,0.2856,0.3312,"",NA,6,NA,FALSE
67,40.787,0.6936,0.1988,0.3759,0.1443,0.4738,"--swap",81,51,NA,FALSE
68,39.0628,0.6704,0.1344,0.7372,0.1084,0.605,"",NA,6,NA,FALSE
69,8.5326,0.5258,0.0809,0.881,0.1711,0.5419,"",NA,36,NA,FALSE
70,46.8152,0.7152,0.124,0.7001,0.3296,0.4958,"",NA,6,NA,FALSE
71,41.9965,0.8268,0.1411,0.7165,0.449,0.6359,"--swap",14,6,NA,FALSE
72,49.9111,0.6493,0.1456,0.5823,0.2133,0.5462,"--swap",29,51,NA,FALSE
73,55.7584,0.4978,0.1947,0.7243,0.3068,0.6047,"--swap",5,51,NA,FALSE
74,36.0809,0.7606,0.0551,0.5648,0.463,0.4897,"--swap",65,51,NA,FALSE
75,42.1629,0.7803,0.1901,0.6752,0.1418,0.6557,"",NA,36,NA,FALSE
76,44.3314,0.826,0.1401,0.8751,0.1316,0.3408,"--swap",64,36,NA,FALSE
77,29.0407,0.2055,0.0552,0.5768,0.3203,0.366,"",NA,51,NA,FALSE
78,49.8709,0.615,0.0899,0.5141,0.2951,0.3211,"--swap",51,51,NA,FALSE
79,40.056,0.5499,0.0719,0.6535,0.3853,0.881,"",NA,63,NA,FALSE
80,50.6954,0.5099,0.1803,0.4476,0.1791,0.4113,"--swap",6,51,NA,FALSE
81,50.7182,0.4221,0.0961,0.5006,0.2359,0.4589,"",NA,51,NA,FALSE
82,57.0862,0.6631,0.1311,0.512,0.2084,0.4028,"--swap",31,51,NA,FALSE
83,26.2337,0.6907,0.1141,0.4894,0.4558,0.812,"",NA,63,NA,FALSE
84,10.6258,0.7899,0.054,0.6442,0.4066,0.857,"",NA,63,7,TRUE
85,28.9692,0.376,0.0592,0.4063,0.3291,0.8131,"",NA,63,NA,FALSE
86,25.6349,0.7734,0.2229,0.4914,0.172,0.7498,"",NA,63,NA,FALSE
87,46.1036,0.5564,0.1304,0.3894,0.1775,0.4168,"--swap",28,51,NA,FALSE
88,12.8082,0.6275,0.1099,0.475,0.1952,0.6088,"",NA,60,NA,FALSE
89,43.6064,0.3893,0.1161,0.3583,0.3,0.8891,"",NA,63,NA,FALSE
90,30.0292,0.5626,0.0643,0.5517,0.3686,0.857,"",NA,63,NA,FALSE
91,20.847,0.5559,0.2079,0.395,0.1477,0.8193,"",NA,63,NA,FALSE
92,22.5906,0.4795,0.2564,0.4759,0.5662,0.7128,"",NA,63,NA,FALSE
93,21.9657,0.7352,0.0817,0.4974,0.2385,0.8002,"",NA,63,NA,FALSE
94,28.5339,0.4211,0.1118,0.4262,0.2676,0.8928,"",NA,63,NA,FALSE
95,36.9627,0.6064,0.0636,0.7429,0.2043,0.4398,"--swap",9,36,NA,FALSE
96,4.0008,0.9356,0.0569,0.5803,0.2908,0.8634,"",NA,84,NA,FALSE
97,11.9189,0.4294,0.118,0.4446,0.0995,0.7174,"",NA,60,NA,FALSE
98,6.5527,0.8102,0.1666,0.6104,0.3591,0.859,"",NA,84,NA,FALSE
99,23.4498,0.4376,0.1274,0.4788,0.4581,0.7857,"",NA,63,NA,FALSE
100,11.67,0.8333,0.0638,0.6628,0.4889,0.8454,"",NA,84,NA,FALSE
101,33.554,0.3452,0.0507,0.4548,0.4507,0.7927,"",NA,63,NA,FALSE
102,28.3939,0.6401,0.0965,0.5064,0.4053,0.975,"",NA,84,NA,FALSE
103,28.2083,0.5646,0.0814,0.3695,0.2446,0.8354,"",NA,63,NA,FALSE
104,11.1145,0.6314,0.1427,0.5629,0.0715,0.6304,"",NA,60,NA,FALSE
105,27.3329,0.2716,0.1028,0.3362,0.4717,0.8746,"",NA,63,NA,FALSE
106,20.4861,0.6925,0.1108,0.6291,0.1434,0.5435,"",NA,36,7,TRUE
107,12.1448,0.8883,0.0637,0.5694,0.3522,0.9381,"",NA,84,7,TRUE
108,29.3334,0.5998,0.1491,0.3585,0.3636,0.8224,"",NA,63,NA,FALSE
109,11.2895,0.7324,0.075,0.5948,0.4071,0.8835,"",NA,84,NA,FALSE
110,18.8898,0.8418,0.1632,0.6884,0.4574,0.8113,"",NA,84,NA,FALSE
111,14.7338,0.6024,0.0546,0.4558,0.3187,0.6728,"",NA,63,NA,FALSE
112,5.5895,0.6334,0.1567,0.4704,0.2066,0.6247,"",NA,60,NA,FALSE
113,18.4101,0.762,0.0666,0.5693,0.5217,0.9548,"",NA,84,NA,FALSE
114,27.0155,0.8057,0.1116,0.6912,0.1824,0.6328,"",NA,106,NA,FALSE
115,8.7008,0.3593,0.1761,0.5172,0.1413,0.6766,"",NA,60,NA,FALSE
116,4.7299,0.7613,0.0915,0.63,0.321,0.8338,"",NA,84,NA,FALSE
117,14.8617,0.4813,0.1454,0.5039,0.0693,0.6371,"",NA,60,NA,FALSE
118,17.0423,0.6774,0.1086,0.5262,0.105,0.521,"",NA,106,NA,FALSE
